n,DateTime,VERSUS,LIGA,H G RR,A G RR,H C RR,A C RR,TC RR,HC H4H_W,HC H4H_D,HC H4H_L,AC A4A_W,AC A4A_D,AC A4A_L,TC - HW,TC- D,TC-AW,AVG MIN ESP,Bet For H4A,BET LINE,HW ODDS,DRW ODDS,AW ODDS,am-az-v-r,am-az-r-v,az-am-r-v,az-r-am-v,r-az-am-v,r-am-az-v,az-v-r-am,apuesta a realizar,resultados,Columna1,
0,1/27/24 0:00,Melgar VS. Real Garcilaso,Liga 1 Peru,1.4513497,0.95883197,5.793086,3.7879744,9.5810604,4.5,4.5,7,12,2,6,10.5,6.5,19.0,6.5,8,10.5,1.33,4.75,9,no,no,no,si,no,no,no,8.5,12,over,
6,1/27/24 8:45,Central Coast Mariners VS. Brisbane Roar,A-League (Australia),1.9457805,1.2909987,5.071926,4.3414755,9.4134015,4.5,4,5,5,10,4,8.5,14,10.0,8.0,9,10.5,1.34,5.1,6.5,no,no,no,si,no,no,no,8.5,9,over ,
8,1/27/24 12:00,OsnabrÃ¼ck VS. Paderborn,Germany Bundesliga 2,1.8691647,1.3617742,4.5310025,5.566565,10.0975675,13,6,4,3.5,6,5.5,18.5,12,7.5,7.5,10,10.5,3.3,3.5,2,no,no,no,si,no,no,no,8.5,17,over,
9,1/27/24 12:00,Hansa Rostock VS. Elversberg,Germany Bundesliga 2,1.6257335,1.5250316,4.5919585,4.701083,9.2930415,6,7,4,2.5,4,4,10.0,11,6.5,6.5,9,10.5,2.8,3.5,2.25,no,no,no,si,no,no,no,8.5,13,over,
10,1/27/24 12:30,St. Mirren VS. Rangers,Scotland Premiership,1.2313505,1.3169137,4.3632216,5.146037,9.5092586,4,4,3,8,5,5,9.0,9,11.0,8.0,9,10.5,8,5.1,1.28,no,no,no,si,no,no,no,8.5,7,over,
15,1/27/24 14:30,Augsburg VS. Bayern MÃ¼nchen,Germany Bundesliga 1,1.7052191,1.5378759,3.1661816,6.0813766,9.2475582,3,3.5,2,6.5,1,9,12.0,4.5,8.5,3.0,8,9.5,9,6,1.28,no,no,no,si,no,no,no,7.5,9,over,
16,1/27/24 14:30,Hoffenheim VS. Heidenheim,Germany Bundesliga 1,1.5044198,1.6555158,5.5517755,2.7850752,8.3368507,3.5,6,4,1,6,3.5,7.0,12,5.0,4.5,8,9.5,1.62,4.3,4.6,no,no,no,si,no,no,no,7.5,14,over ,
17,1/27/24 14:30,Wolfsburg VS. KÃ¶ln,Germany Bundesliga 1,1.3027214,0.8978468,4.2155623,4.183632,8.3991943,2,5,4,6,2,3.5,5.5,7,10.0,4.0,8,9.5,1.77,3.7,4.35,no,no,no,si,no,no,no,7.5,9,over ,
14,1/27/24 14:30,Werder Bremen VS. Freiburg,Germany Bundesliga 1,1.5289583,1.0731814,4.792739,5.104662,9.897401,4,2,1,3,3,3,7.0,5,4.0,4.0,7,8.5,2.48,3.4,2.75,no,no,no,no,si,no,no,6.5,10,over,
20,1/27/24 15:00,Livingston VS. Dundee,Scotland Premiership,1.57907,1.4682162,4.85827,4.1416655,8.9999355,3,6,2,7,5,2,5.0,11,9.0,4.0,7,10.5,2.8,2.95,2.5,no,no,no,si,no,no,no,8.5,8,over,
27,1/27/24 15:00,Millwall VS. Preston North End,England Championship,1.4845469,1.186952,4.870017,4.0451956,8.9152126,5.5,4,5.5,3,4,3,8.5,8,8.5,7.0,8,9.5,2.2,3.05,3.5,no,no,no,si,no,no,no,7.5,11,over,
30,1/27/24 15:00,Annan Athletic VS. Edinburgh City,Scotland League One,2.1358674,1.4551482,5.1414933,3.0307374,8.1722307,3,5,3,0,2.5,2.5,5.5,7.5,3.0,3.0,8,9.5,1.26,5.6,7.5,no,no,no,si,no,no,no,7.5,11,over,
31,1/27/24 15:00,Stirling Albion VS. Kelty Hearts,Scotland League One,1.4294556,1.1236503,4.9239926,4.367462,9.2914546,9.5,2.5,3.5,6,3.5,4,13.5,6,9.5,6.0,9,9.5,2.33,3.2,2.8,no,no,no,si,no,no,no,7.5,12,over,
32,1/27/24 15:00,Leeds United VS. Plymouth Argyle,English FA Cup,1.4391559,1.1728373,6.4032707,3.9051805,10.3084512,6,6,0,0,3.5,4.5,10.5,9.5,0.0,0.0,8,11.5,1.35,5.25,7,no,no,no,si,no,no,no,9.5,12,over,
34,1/27/24 15:00,Everton VS. Luton Town,English FA Cup,1.574415,1.5396618,5.644613,3.6794288,9.3240418,5.5,3,5,5,5,4,9.5,8,10.0,7.0,9,9.5,1.45,4.3,6.4,no,no,no,si,no,no,no,7.5,11,over,
35,1/27/24 15:00,KV Kortrijk VS. OH Leuven,Belgium First Division,1.9039137,1.1231365,3.7589428,5.319699,9.0786418,2,5,4.5,6,4,4,6.0,9,10.5,6.0,8,11.5,2.7,3.35,2.33,no,no,no,si,no,no,no,9.5,11,over,
47,1/27/24 15:00,Notts County VS. Barrow,England League 2,1.6095965,1.5048321,5.3831253,3.5595145,8.9426398,4.5,0,6,4.5,9,2.5,7.0,9,10.5,2.5,8,9.5,2.07,3.6,2.95,no,no,no,si,no,no,no,7.5,14,over,
50,1/27/24 15:00,Northampton Town VS. Shrewsbury Town,England League 1,1.9517281,0.9121224,5.329734,3.485492,8.815226,5,3,6,2.5,5,4,9.0,8,8.5,5.5,8,9.5,1.83,3.25,4.3,no,no,no,si,no,no,no,7.5,12,over,
51,1/27/24 15:00,Barnsley VS. Exeter City,England League 1,1.6108035,1.1302949,5.0303617,3.9990718,9.0294335,4.5,7,7,5,3,4,8.5,10,12.0,7.5,9,10.5,1.54,4.1,5.2,no,no,no,si,no,no,no,8.5,17,over,
56,1/27/24 15:00,Carlisle United VS. Bolton Wanderers,England League 1,1.5634735,1.2531285,5.097668,4.2719307,9.3695987,7,4,8.5,4,6,3,10.0,10,12.5,7.0,8,10.5,4.3,3.45,1.77,no,no,no,si,no,no,no,8.5,10,over,
73,1/27/24 15:00,Doncaster Rovers VS. Stockport County,England League 2,1.5746907,1.3796715,4.6911664,4.7795444,9.4707108,6.5,2,6,4,5,8,14.5,7,10.0,6.0,9,9.5,4,3.4,1.8,no,no,no,si,no,no,no,7.5,12,over,
74,1/27/24 15:00,AFC Wimbledon VS. Mansfield Town,England League 2,2.1683178,1.4969034,5.4159126,5.0304103,10.4463229,5,9,3.5,5.5,5.5,2,7.0,14.5,9.0,5.5,7,10.5,2.88,3.35,2.23,no,no,no,si,no,no,no,8.5,8,over,
22,1/27/24 15:00,St. Johnstone VS. Motherwell,Scotland Premiership,1.4598972,1.121307,4.3175187,5.5840054,9.9015241,4,4.5,3,5,4,3,7.0,8.5,8.0,6.0,9,9.5,2.45,3.05,2.75,no,no,no,no,si,no,no,7.5,6,under,
25,1/27/24 15:00,Raith Rovers VS. Inverness CT,Scotland Championship,1.7311442,1.4216555,6.460964,5.3777575,11.8387215,6,7.5,9,3,6,3,9.0,13.5,12.0,9.0,10,10.5,1.7,3.75,4.25,no,no,no,no,si,no,no,8.5,7,over,
29,1/27/24 15:00,Alloa Athletic VS. Falkirk,Scotland League One,1.4916484,1.3421156,5.0256505,5.378629,10.4042795,4,7,2.5,6.5,7.5,0,4.0,14.5,9.0,2.5,8,9.5,6.1,4.4,1.4,no,no,no,no,si,no,no,7.5,10,over,
36,1/27/24 15:00,Hamilton Academical VS. Montrose,Scotland League One,1.6345054,1.6179724,6.7074194,5.907627,12.6150464,7,9.5,6,4,2.5,5,12.0,12,10.0,8.5,9,9.5,1.27,5.2,8,no,no,no,no,si,no,no,7.5,11,over,
38,1/27/24 15:00,Sheffield United VS. Brighton & Hove Albion,English FA Cup,1.5099571,1.3756554,4.334772,5.726235,10.061007,3.5,4,3,3,1,2,5.5,5,6.0,4.0,7,9.5,5.1,4.2,1.55,no,no,no,no,si,no,no,7.5,12,over,
39,1/27/24 15:00,Dagenham & Redbridge VS. Kidderminster Harriers,England National League,1.3422346,1.2026665,5.170415,4.4396224,9.6100374,4,0,5.5,7,1,5,9.0,1,12.5,1.0,8,9.5,2.18,3.05,3.15,no,no,no,no,si,no,no,7.5,,,
40,1/27/24 15:00,Forest Green Rovers VS. Accrington Stanley,England League 2,1.7566407,2.0290468,5.258637,5.447538,10.706175,4.5,6,6,4,3,6.5,11.0,9,10.0,7.5,9,10.5,2.4,3.4,2.6,no,no,no,no,si,no,no,8.5,,,
44,1/27/24 15:00,Wigan Athletic VS. Stevenage,England League 1,1.3845869,0.9491352,4.8557987,4.9169483,9.772747,4.5,6,3.5,5.5,4,5,9.5,10,9.0,7.5,8,8.5,3.1,3.25,2.18,no,no,no,no,si,no,no,6.5,,,
61,1/27/24 15:00,Aldershot Town VS. Rochdale,England National League,1.7464734,1.0651101,5.8172383,5.5436025,11.3608408,4.5,4,4.5,2,5.5,3,7.5,9.5,6.5,6.0,8,9.5,2.18,3.5,2.85,no,no,no,no,si,no,no,7.5,,,
62,1/27/24 15:00,Oxford City VS. Ebbsfleet United,England National League,2.078779,1.6487788,6.050941,6.8166656,12.8676066,3,3.5,5,6,4,8,11.0,7.5,11.0,7.0,8,9.5,3.1,3.65,1.98,no,no,no,no,si,no,no,7.5,,,
63,1/27/24 15:00,Altrincham VS. Eastleigh,England National League,2.196935,1.7561034,6.1609383,4.2300916,10.3910299,5.5,5,4.5,3,3,5,10.5,8,7.5,7.5,9,9.5,1.6,3.95,4.5,no,no,no,no,si,no,no,7.5,,,
65,1/27/24 15:00,Oldham Athletic VS. Woking,England National League,1.7283559,1.1530391,5.3816333,5.3258467,10.70748,4,6,3.5,4,7,3,7.0,13,7.5,6.5,8,9.5,1.72,3.65,4.1,no,no,no,no,si,no,no,7.5,,,
66,1/27/24 15:00,Boreham Wood VS. Dorking Wanderers,England National League,1.9663718,1.1402817,5.9387236,3.8005495,9.7392731,2.5,5.5,5,4.5,3.5,3,5.5,9,9.5,5.5,6,9.5,1.55,4,4.75,no,no,no,no,si,no,no,7.5,,,
69,1/27/24 15:00,Walsall VS. Sutton United,England League 2,1.4523302,0.9659952,5.681462,4.953725,10.635187,4,6,5.5,6,4,1.5,5.5,10,11.5,5.5,9,9.5,1.73,3.6,4.1,no,no,no,no,si,no,no,7.5,,,
71,1/27/24 15:00,Crewe Alexandra VS. Salford City,England League 2,1.6749514,1.2977755,5.360946,6.671376,12.032322,4.5,8,5.5,4,3,3,7.5,11,9.5,7.5,9,10.5,1.92,3.55,3.35,no,no,no,no,si,no,no,8.5,,,
72,1/27/24 15:00,Chesterfield VS. Southend United,England National League,1.6915624,1.0220441,6.6549473,3.1093872,9.7643345,5,9,0,6.5,4,6,11.0,13,6.5,4.0,9,9.5,1.45,4.2,5.75,no,no,no,no,si,no,no,7.5,,,
78,1/27/24 16:00,Nice VS. Metz,France League 1,1.7133844,1.2912343,5.764332,4.0783978,9.8427298,4.5,6,0,2,9,4,8.5,15,2.0,2.0,7,8.5,1.42,4.1,8.5,no,no,no,no,si,no,no,6.5,,,
80,1/27/24 17:00,Juventus VS. Empoli,Italy Serie A,1.5211059,1.0177197,5.0489426,3.542462,8.5914046,5,3.5,0,3,4.5,5.5,10.5,8,3.0,3.0,7,10.5,1.25,5.75,11.5,no,no,no,si,no,no,no,8.5,,,
83,1/27/24 17:30,FC Barcelona VS. Villarreal,Spain Primera Liga,1.6463931,1.456794,6.6519074,2.8987138,9.5506212,5.5,0,7,3,4,3,8.5,4,10.0,3.0,9,10.5,1.32,5.75,7.5,no,no,no,si,no,no,no,8.5,,,
87,1/27/24 19:30,Fortuna DÃ¼sseldorf VS. St. Pauli,Germany Bundesliga 2,1.4378542,1.4509914,6.5943527,4.7868567,11.3812094,6.5,6.5,9,3,5.5,0,6.5,12,12.0,6.5,9,9.5,2.65,3.35,2.43,no,no,no,no,si,no,no,7.5,,,
89,1/27/24 19:45,KAA Gent VS. KVC Westerlo,Belgium First Division,1.6040637,0.97691727,6.37374,3.2845192,9.6582592,6,6,8,4,4,1.5,7.5,10,12.0,7.5,9,10.5,1.35,4.8,7,no,no,no,si,no,no,no,8.5,,,
88,1/27/24 19:45,AC Milan VS. Bologna,Italy Serie A,1.3416381,1.0211302,5.6692877,4.6255813,10.294869,5,0,8.5,1,3.5,5,10.0,3.5,9.5,1.0,7,8.5,1.71,3.7,4.9,no,no,no,no,si,no,no,6.5,,,
92,1/27/24 20:00,Sporting Cristal VS. ADT,Liga 1 Peru,1.7679834,1.1910667,5.9575143,2.6720915,8.6296058,4.5,9,0,5,3.5,4.5,9.0,12.5,5.0,3.5,7,10.5,1.35,4.9,8,no,no,no,si,no,no,no,8.5,,,
97,1/27/24 20:00,Olympique Marseille VS. Monaco,France League 1,1.7133844,1.4059112,4.9158826,3.9088175,8.8247001,4,6,0,5,6,9,13.0,12,5.0,5.0,8,9.5,2.38,3.65,2.7,no,no,no,si,no,no,no,7.5,,,
95,1/27/24 20:00,Heracles VS. Ajax,Netherlands Eredivisie,2.0697227,2.258598,4.869995,5.955698,10.825693,5,7.5,3.5,6,7,5,10.0,14.5,9.5,8.5,9,10.5,6.4,5,1.42,no,no,no,no,si,no,no,8.5,,,
96,1/27/24 20:00,Excelsior VS. Utrecht,Netherlands Eredivisie,1.5518848,1.2344393,4.319613,5.4522185,9.7718315,4,3,2,4,9.5,3,7.0,12.5,6.0,5.0,8,9.5,2.95,3.65,2.2,no,no,no,no,si,no,no,7.5,,,
98,1/27/24 22:00,Platense VS. Boca Juniors,Primera Argentina,1.802917,1.3558605,4.4330645,4.2176437,8.6507082,4,3,4.5,3.5,4,4,8.0,7,8.0,6.5,8,8.5,3.7,3.05,2.25,no,no,no,no,si,no,no,6.5,,,
104,1/28/24 3:05,Necaxa VS. AmÃ©rica,Liga MX,1.7485347,1.2696532,5.228011,4.9011292,10.1291402,7,4.5,3.5,4,4.5,0,7.0,9,7.5,3.5,8,10.5,4.75,4.25,1.58,no,no,no,si,no,no,no,8.5,,,
0,1/28/24 13:30,Queens Park Rangers VS. Huddersfield Town,England Championship,1.2933037,0.8571471,4.858893,4.0609565,8.9198495,4,5,5.5,6.5,4,3,7.0,9,12.0,7.0,8,10.5,1.95,3.35,4,no,no,no,si,no,no,no,8.5,,,
3,1/28/24 14:00,Santa Clara VS. LeixÃµes,Portugal LigaPro,1.0952158,0.90542704,6.373631,3.0870285,9.4606595,2,8,3,4,2,7,9.0,10,7.0,4.0,7,10.5,1.54,3.3,6.75,no,no,no,si,no,no,no,8.5,,,
5,1/28/24 14:00,Reims VS. Nantes,France League 1,1.6886796,1.045942,5.578753,3.9435732,9.5223262,4,0,8,7,0,4.5,8.5,0,15.0,0.0,9,10.5,1.97,3.45,3.75,no,no,no,si,no,no,no,8.5,,,
7,1/28/24 14:00,Clermont VS. Strasbourg,France League 1,0.9416566,1.3399131,5.116393,4.8010054,9.9173984,5,4.5,5,1,4,4,9.0,8.5,6.0,5.5,8,8.5,3.05,3.25,2.33,no,no,no,no,si,no,no,6.5,,,
11,1/28/24 14:30,Liverpool VS. Norwich City,English FA Cup,1.5211085,1.0100285,8.868289,2.1566315,11.0249205,7,8,0,4.5,3,3.5,10.5,11,4.5,3.0,10,11.5,1.13,8.5,14,no,no,no,si,no,no,no,9.5,,,
12,1/28/24 15:00,AS Eupen VS. Royal Antwerp FC,Belgium First Division,1.1712304,1.3550853,4.341957,8.602062,12.944019,3.5,4,5,3.5,7,3,6.5,11,8.5,6.5,9,9.5,5.8,4.4,1.44,no,no,no,no,si,no,no,7.5,,,
14,1/28/24 15:15,Villarreal II VS. SD Huesca,Spain Segunda,1.0363388,1.0754406,4.6405544,4.3637223,9.0042767,3,2,8,4,3,3,6.0,5,12.0,5.0,9,9.5,2.3,2.95,3.1,no,no,no,si,no,no,no,7.5,,,
15,1/28/24 15:15,CÃ¡diz VS. Athletic Club Bilbao,Spain Primera Liga,0.9793236,1.6048509,4.214421,4.143327,8.357748,4.5,2,4,3.5,6,7,11.5,8,7.5,5.5,7,9.5,5,3.5,1.73,no,no,no,si,no,no,no,7.5,,,
13,1/28/24 15:15,FC Andorra VS. Elche CF,Spain Segunda,0.78944707,1.2631683,5.8359313,4.0427485,9.8786798,6,5,7,2,5,3,9.0,10,9.0,7.0,8,8.5,2.4,2.75,3.15,no,no,no,no,si,no,no,6.5,,,
16,1/28/24 15:30,Porto II VS. CF Os Belenenses,Portugal LigaPro,1.6085777,0.9162342,4.9454427,3.0648303,8.010273,2,4.5,10,4,8,3.5,5.5,12.5,14.0,5.5,8,9.5,1.52,4,5.25,no,no,no,si,no,no,no,7.5,,,
19,1/28/24 15:30,Moreirense FC VS. FamalicÃ£o,Portugal Primeira Liga,1.4329609,0.9800243,4.5260677,4.7627153,9.288783,7,4,4,3.5,4.5,2,9.0,8.5,7.5,6.0,8,9.5,2.25,3.15,2.95,no,no,no,si,no,no,no,7.5,,,
20,1/28/24 15:45,Volendam VS. Fortuna Sittard,Netherlands Eredivisie,1.5684544,1.7190192,4.486729,4.558772,9.045501,7,5,3,0,3,4,11.0,8,3.0,3.0,7,10.5,3.6,3.65,1.95,no,no,no,si,no,no,no,8.5,,,
23,1/28/24 16:30,Borussia Dortmund VS. Bochum,Germany Bundesliga 1,1.6305692,0.993123,6.3099704,4.001926,10.3118964,5,4.5,4.5,2,5,2,7.0,9.5,6.5,6.5,9,10.5,1.32,5.75,7.5,no,no,no,si,no,no,no,8.5,,,
24,1/28/24 16:30,Newport County VS. Manchester United,English FA Cup,1.1864846,0.86300325,3.689898,6.3304715,10.0203695,3.5,6.5,5.5,4.5,0,4,7.5,6.5,10.0,3.5,10,10.5,17,11,1.08,no,no,no,si,no,no,no,8.5,,,
25,1/28/24 17:00,Lazio VS. Napoli,Italy Serie A,1.5211085,0.95476896,4.1288767,3.9752808,8.1041575,4,2.5,11.5,7,3,5,9.0,5.5,18.5,5.5,7,8.5,2.2,3.2,3.45,no,no,no,si,no,no,no,6.5,,,
26,1/28/24 17:30,Burgos CF VS. Albacete BalompiÃ©,Spain Segunda,1.6802572,0.95491314,4.6852665,3.9251227,8.6103892,5,3.5,0,1,7,5.5,10.5,10.5,1.0,1.0,8,8.5,2.5,2.88,2.88,no,no,no,no,si,no,no,6.5,,,
28,1/28/24 17:30,RSC Anderlecht VS. Union Saint-Gilloise,Belgium First Division,1.8261545,1.6437835,5.292206,5.5202146,10.8124206,4.5,2,0,7.5,4,6,10.5,6,7.5,4.0,8,9.5,3.1,3.55,2.04,no,no,no,no,si,no,no,7.5,,,
30,1/28/24 18:00,Farense VS. Porto,Portugal Primeira Liga,1.0910319,1.1198939,4.87769,6.9680686,11.8457586,6.5,10,2,6,6,3.5,10.0,16,8.0,5.5,9,10.5,8.5,4.9,1.28,no,no,no,no,si,no,no,8.5,,,
32,1/28/24 19:30,AtlÃ©tico Grau VS. Alianza AtlÃ©tico,Liga 1 Peru,1.3597622,0.7834829,6.4189215,3.9379106,10.3568321,6,6,4,6,3.5,2,8.0,9.5,10.0,6.0,7,9.5,1.95,3.7,3.45,no,no,no,no,si,no,no,7.5,,,
33,1/28/24 19:45,Fiorentina VS. Inter Milan,Italy Serie A,1.3957932,1.2272241,5.571844,3.3294003,8.9012443,3,3.5,11,4,1,0,3.0,4.5,15.0,3.0,6,8.5,4.2,3.4,1.9,no,no,no,no,si,no,no,6.5,,,
34,1/28/24 19:45,PSG VS. Brest,France League 1,1.6478806,0.861534,7.0561905,3.7014065,10.757597,5,9,4,3,4,5,10.0,13,7.0,7.0,8,9.5,1.36,5.25,7.5,no,no,no,no,si,no,no,7.5,,,
37,1/28/24 20:00,AtlÃ©tico Madrid VS. Valencia CF,Spain Primera Liga,1.7336669,1.4338439,5.4639974,3.925545,9.3895424,5,1,0,1,4,2,7.0,5,1.0,1.0,7,9.5,1.46,4.4,6.5,no,no,no,si,no,no,no,7.5,,,
35,1/28/24 20:00,Sporting GijÃ³n VS. Racing Club de Ferrol,Spain Segunda,1.0959088,1.0964067,5.5492344,3.4227662,8.9720006,6,5,0,4,2,3.5,9.5,7,4.0,2.0,8,8.5,1.74,3.25,4.7,no,no,no,no,si,no,no,6.5,,,
36,1/28/24 20:00,Godoy Cruz VS. Defensa y Justicia,Primera Argentina,1.4410391,0.95707357,5.566903,3.9460504,9.5129534,3,5,6,3,3,3,6.0,8,9.0,6.0,7,8.5,1.92,3.25,4.5,no,no,no,no,si,no,no,6.5,,,
39,1/28/24 20:30,Gil Vicente VS. VitÃ³ria GuimarÃ£es,Portugal Primeira Liga,1.2055324,1.0622568,4.727595,5.459073,10.186668,4.5,5,1,7,8,7,11.5,13,8.0,8.0,10,10.5,3.2,3.2,2.1,no,no,no,si,no,no,no,8.5,,,
38,1/28/24 20:30,FC Arouca VS. FC Vizela,Portugal Primeira Liga,0.85050035,1.2399238,5.231937,4.8655834,10.0975204,3,10.5,3,6,3.5,3,6.0,14,9.0,6.0,8,9.5,1.85,3.4,3.8,no,no,no,no,si,no,no,7.5,,,
41,1/28/24 22:00,River Plate VS. Argentinos Juniors,Primera Argentina,1.5881267,1.1770754,6.003066,3.0186868,9.0217528,2.5,0,6,4,3,5,7.5,3,10.0,3.0,6,10.5,1.6,3.9,5.9,no,no,no,si,no,no,no,8.5,,,
40,1/28/24 22:00,Carlos Manucci VS. Universitario,Liga 1 Peru,1.072095,1.3182162,4.234883,5.343885,9.578768,3,4.5,6,5.5,4,5.5,8.5,8.5,11.5,7.0,8,9.5,6,3.8,1.55,no,no,no,no,si,no,no,7.5,,,
42,1/28/24 23:15,Pumas UNAM VS. Pachuca,Liga MX,1.2680349,1.1506177,4.5412025,4.4748025,9.016005,5.5,9.5,2.5,4,1,4,9.5,10.5,6.5,3.5,8,10.5,1.98,3.35,3.65,no,no,no,si,no,no,no,8.5,,,
44,1/29/24 1:00,Atlas VS. JuÃ¡rez,Liga MX,1.7728822,1.0159918,6.0475373,3.3766274,9.4241647,5.5,7,10,3.5,4,3,8.5,11,13.5,8.5,9,10.5,1.81,3.5,4.2,no,no,no,si,no,no,no,8.5,,,
45,1/29/24 1:00,Alianza Lima VS. CÃ©sar Vallejo,Liga 1 Peru,1.3420868,0.7245168,5.6458654,3.6634514,9.3093168,5,3,0,5,1.5,3.5,8.5,4.5,5.0,1.5,7,10.5,1.65,3.7,5.05,no,no,no,si,no,no,no,8.5,,,
46,1/29/24 3:00,QuerÃ©taro VS. Tigres UANL,Liga MX,1.2817782,0.98939747,4.3166094,4.990293,9.3069024,5,2,7,4,8,3,8.0,10,11.0,5.0,7,10.5,3.65,3.35,1.98,no,no,no,si,no,no,no,8.5,,,
0,1/29/24 3:00,QuerÃ©taro VS. Tigres UANL,Liga MX,1.3113055,1.2432489,4.3030806,5.5090046,9.8120852,5,2,7,4,8,3,8.0,10,11.0,5.0,7,10.5,3.85,3.5,1.88,no,no,no,si,no,no,no,8.5,,,
2,1/29/24 14:00,Ä°stanbulspor VS. Samsunspor,Turkey Super Lig,1.3687977,1.3618488,3.926054,6.441017,10.367071,5,6,3.5,4,3,4,9.0,9,7.5,6.5,8,9.5,3.1,3.45,2.05,no,no,no,no,si,no,no,7.5,,,
3,1/29/24 16:00,Benfica II VS. UniÃ£o de Leiria,Portugal LigaPro,1.5358112,0.7908393,5.689063,4.660392,10.349455,4,7,4,3,10,6.5,10.5,17,7.0,7.0,8,9.5,2.35,3.1,2.85,no,no,no,no,si,no,no,7.5,,,
5,1/29/24 17:00,Trabzonspor VS. KasÄ±mpaÅ,Turkey Super Lig,1.8399591,1.5239501,5.3160543,3.8481662,9.1642205,5.5,5,9,3,7,4,9.5,12,12.0,8.0,9,9.5,1.61,4,4.35,no,no,no,si,no,no,no,7.5,,,
4,1/29/24 17:00,Galatasaray VS. GaziÅ,Turkey Super Lig,1.9846348,0.9521333,7.678069,3.0119736,10.6900426,7.5,0,0,2,5,4.5,12.0,5,2.0,2.0,8,10.5,1.15,6.75,12.5,no,no,no,no,si,no,no,8.5,,,
7,1/29/24 18:45,Estrela Amadora VS. Benfica,Portugal Primeira Liga,0.26269746,1.5611514,4.4490833,4.023541,8.4726243,3,6,3,3.5,7,3,6.0,13,6.5,6.0,8,10.5,9,5.6,1.24,no,no,no,si,no,no,no,8.5,,,
10,1/29/24 19:00,Ajax II VS. Dordrecht,Netherlands Eerste Divisie,2.0311594,1.0261873,6.0490837,4.2849817,10.3340654,4,4,1.5,2,3,5,9.0,7,3.5,3.5,9,10.5,2.2,3.65,2.7,no,no,no,si,no,no,no,8.5,,,
13,1/29/24 19:45,Salernitana VS. Roma,Italy Serie A,1.58867,1.1505277,4.5163336,6.233351,10.7496846,4,7.5,4,7,1,4.5,8.5,8.5,11.0,5.0,6,9.5,5.8,3.9,1.58,no,no,no,no,si,no,no,7.5,,,
14,1/29/24 20:00,Getafe CF VS. Granada CF,Spain Primera Liga,1.5873911,0.5236211,4.9140787,3.78481,8.6988887,6,4,2,0,5,1.5,7.5,9,2.0,2.0,8,8.5,1.81,3.35,4.7,no,no,no,no,si,no,no,6.5,,,
15,1/29/24 20:45,Sporting CP VS. Casa Pia,Portugal Primeira Liga,1.9086688,1.482062,5.902264,3.4326744,9.3349384,5,0,0,4.5,3,5,10.0,3,4.5,3.0,7,9.5,1.17,6.5,11.5,no,no,no,si,no,no,no,7.5,,,
0,1/30/24 19:00,Blackpool VS. Bolton Wanderers,English EFL Trophy,1.3953154,0.49452785,5.541504,4.281889,9.823393,6.5,8,4,4,6,3,9.5,14,8.0,7.0,9,9.5,2.5,3.05,2.7,no,no,no,no,si,no,no,7.5,,,
2,1/30/24 19:30,Club Brugge VS. KV Kortrijk,Belgium First Division,1.76663,0.4555354,6.2157564,3.3431594,9.5589158,4,10,0,4,6.5,5.5,9.5,16.5,4.0,4.0,7,10.5,1.09,8.5,16,no,no,no,si,no,no,no,8.5,,,
1,1/30/24 19:30,Nottingham Forest VS. Arsenal,English Premier League,1.6159978,2.2178714,3.1128185,6.936085,10.0489035,4,4,6,8,6,4,8.0,10,14.0,8.0,9,9.5,8,4.8,1.37,no,no,no,no,si,no,no,7.5,,,
3,1/30/24 19:30,KVC Westerlo VS. Cercle Brugge,Belgium First Division,1.3505061,1.2153469,4.3984165,8.249679,12.6480955,4,9,4.5,4.5,4,7,11.0,13,9.0,8.0,9,9.5,3.3,3.8,1.91,no,no,no,no,si,no,no,7.5,,,
4,1/30/24 19:45,St. Pauli VS. Fortuna DÃ¼sseldorf,DFB Pokal,1.362432,1.6064607,7.460605,2.6952617,10.1558667,4,9,0,5,6,5,9.0,15,5.0,5.0,9,10.5,1.77,3.9,4.1,no,no,no,si,no,no,no,8.5,,,
8,1/30/24 19:45,Aberdeen VS. Dundee,Scotland Premiership,1.0776212,1.5527345,5.952296,3.238857,9.191153,3,2.5,8,5,5,2,5.0,7.5,13.0,4.5,8,10.5,1.65,3.45,4.9,no,no,no,si,no,no,no,8.5,,,
9,1/30/24 19:45,Livingston VS. Ross County,Scotland Premiership,1.1574197,1.2710099,5.0669227,3.746718,8.8136407,3,6,2.5,2,4.5,5,8.0,10.5,4.5,4.5,8,10.5,2.32,3.1,2.88,no,no,no,si,no,no,no,8.5,,,
10,1/30/24 19:45,Luton Town VS. Brighton & Hove Albion,English Premier League,1.5602008,1.7070884,3.8865917,5.353367,9.2399587,5,7,6.5,3,1,2,7.0,8,9.5,6.0,7,10.5,4.7,4.1,1.65,no,no,no,si,no,no,no,8.5,,,
11,1/30/24 19:45,Fulham VS. Everton,English Premier League,1.6155161,1.658472,5.633099,3.9019144,9.5350134,6,0,8,3,4,4,10.0,4,11.0,3.0,9,10.5,2.35,3.35,2.9,no,no,no,si,no,no,no,8.5,,,
7,1/30/24 19:45,Oxford United VS. Portsmouth,England League 1,1.116913,0.6472444,5.9388847,4.585607,10.5244917,5,5,2,8.5,7,6,11.0,12,10.5,8.0,9,9.5,2.7,3.35,2.38,no,no,no,no,si,no,no,7.5,,,
14,1/30/24 20:15,Aston Villa VS. Newcastle United,English Premier League,1.8193451,0.74364907,6.018706,3.5011542,9.5198602,6,9,0,5,4.5,4,10.0,13.5,5.0,4.0,7,9.5,1.9,3.85,3.6,no,no,no,no,si,no,no,7.5,,,
16,1/30/24 22:15,Rosario Central VS. Banfield,Primera Argentina,0.8630314,0.43260553,4.3449516,4.841489,9.1864406,4.5,4,0,2,3,5.5,10.0,7,2.0,2.0,9,9.5,2.25,2.95,3.85,no,no,no,si,no,no,no,7.5,,,
19,1/31/24 1:00,MazatlÃ¡n VS. LeÃ³n,Liga MX,1.7476275,1.132017,4.2348294,6.41174,10.6465694,3,3,3.5,8,4.5,4,7.0,7.5,11.5,7.0,9,9.5,3.15,3.35,2.18,no,no,no,no,si,no,no,7.5,,,
3,1/31/24 1:00,MazatlÃ¡n VS. LeÃ³n,Liga MX,2.2579942,1.332077,4.286265,6.4141407,10.7004057,3,3,3.5,8,4.5,4,7.0,7.5,11.5,7.0,9,9.5,3.15,3.35,2.18,no,no,no,no,si,no,no,7.5,,,
21,1/31/24 3:00,Santos Laguna VS. Puebla,Liga MX,1.9307942,1.088962,4.5355887,3.7721312,8.3077199,5.5,2,7.5,4,3,5,10.5,5,11.5,5.0,8,10.5,1.72,4,4.1,no,no,no,si,no,no,no,8.5,,,
4,1/31/24 3:00,Santos Laguna VS. Puebla,Liga MX,1.8823197,1.079567,4.824448,3.5670247,8.3914727,5.5,2,7.5,4,3,5,10.5,5,11.5,5.0,8,10.5,1.72,3.9,4.2,no,no,no,si,no,no,no,8.5,,,
6,1/31/24 17:45,Sporting Charleroi VS. AS Eupen,Belgium First Division,2.8191242,1.5832921,5.7571588,3.6166592,9.373818,5,3,3,4,1,3,8.0,4,7.0,4.0,6,10.5,1.61,3.8,4.8,no,no,no,si,no,no,no,8.5,,,
8,1/31/24 18:00,FC Barcelona VS. CA Osasuna,Spain Primera Liga,1.7887856,1.4587526,6.587952,2.9242291,9.5121811,5.5,0,8,2,4,3,8.5,4,10.0,2.0,7,10.5,1.32,5.25,8.5,no,no,no,si,no,no,no,8.5,,,
10,1/31/24 19:30,Tottenham Hotspur VS. Brentford,English Premier League,1.8342962,1.3100947,7.907142,5.0219483,12.9290903,3.5,0,8,3,11,3.5,7.0,11,11.0,3.0,10,10.5,1.6,4.35,4.75,no,no,no,no,si,no,no,8.5,,,
16,1/31/24 20:00,Defensa y Justicia VS. Platense,Primera Argentina,1.6776214,0.8222313,5.172629,5.3600764,10.5327054,5.5,4.5,7,3,3,4,9.5,7.5,10.0,7.5,9,9.5,2.2,3.05,3.75,no,no,no,no,si,no,no,7.5,,,
18,1/31/24 20:00,Standard LiÃ¨ge VS. Royal Antwerp FC,Belgium First Division,1.1912876,0.7604779,4.603118,4.921475,9.524593,3,5,2,3.5,7,3,6.0,12,5.5,5.0,7,9.5,3.7,3.6,1.84,no,no,no,no,si,no,no,7.5,,,
19,1/31/24 20:15,Liverpool VS. Chelsea,English Premier League,2.2320368,1.2186537,6.9491787,3.134663,10.0838417,7,8,0,2.5,7,6,13.0,15,2.5,2.5,10,10.5,1.5,4.5,5.6,no,no,no,si,no,no,no,8.5,,,
20,1/31/24 20:45,Sporting Braga VS. GD Chaves,Portugal Primeira Liga,2.8245869,1.3939354,6.3132663,2.9002776,9.2135439,5.5,4.5,4,3,8,5,10.5,12.5,7.0,7.0,9,10.5,1.21,5.8,10,no,no,no,si,no,no,no,8.5,,,
21,1/31/24 22:15,Belgrano VS. San Lorenzo,Primera Argentina,1.0135635,0.8349554,5.179991,3.3506496,8.5306406,4.5,4,2.5,4,3,3,7.5,7,6.5,5.5,8,8.5,2.45,2.75,3.7,no,no,no,no,si,no,no,6.5,,,
0,2/1/24 1:00,Pachuca VS. Atlas,Liga MX,1.39,1.02,5.05,4.71,9.75,4.5,7,7.5,2,4,4.5,9.0,11,9.5,6.5,9,9.5,1.8,3.6,4.1,no,no,no,no,si,no,no,7.5,11,over ,
1,2/1/24 3:00,Pumas UNAM VS. Necaxa,Liga MX,1.5736797,0.80715996,4.4476614,5.875746,10.32,5,9.5,2.5,4.5,3.5,3.5,8.5,13.00,7.0,6.0,8,10.5,1.6,4.1,4.8,no,no,no,si,no,no,no,8.5,15,over ,
2,2/1/24 14:00,Hyderabad VS. Goa,India Super League,0.62,1.59,4.17,6.72,10.89,0,5,4,4,7.5,0,0.0,12.5,8.0,0.0,8,9.5,11.5,6,1.22,no,no,no,no,si,no,no,7.5,13,over ,
5,2/1/24 19:30,KV Mechelen VS. RSC Anderlecht,Belgium First Division,1.47,1.62,4.83,4.88,9.71,6,3.5,6.5,1.5,3,5.5,11.5,6.5,8.0,5.0,8,9.5,3.3,3.4,2,no,no,no,no,si,no,no,7.5,9,over ,
3,2/1/24 19:30,West Ham United VS. AFC Bournemouth,English Premier League,2.3356917,1.3636371,4.1303306,3.8468301,7.98,6,2,4,6.5,2,4,10.0,4.00,10.5,4.0,7,11.5,2.3,3.6,2.85,no,no,no,si,no,no,no,9.5,6,under,
6,2/1/24 20:00,Getafe CF VS. Real Madrid,Spain Primera Liga,0.68394095,1.5703744,3.7724469,4.577136,8.35,5,4,2,4,6,11,16.0,10.00,6.0,6.0,8,8.5,6.5,4.3,1.47,no,no,no,si,no,no,no,6.5,8,under,
8,2/1/24 22:00,Boca Juniors VS. Sarmiento,Primera Argentina,0.93435216,0.72069746,5.8391223,3.1513648,8.99,6,6,4,3.5,3,3,9.0,9.00,7.5,7.0,8,9.5,1.67,3.5,6,no,no,no,si,no,no,no,7.5,5,under,
0,2/2/24 8:45,Brisbane Roar VS. Wellington Phoenix,A-League (Australia),1.3770127,1.9445803,6.729263,4.620377,11.35,4,5,8,6,1,1,5.0,6.0,14.0,5.0,9,11.5,2.23,3.75,2.65,no,no,no,si,no,no,no,9.5,6,under,
1,2/2/24 10:45,Perth Glory FC VS. Melbourne City FC,A-League (Australia),1.4638785,2.0129607,5.124502,4.2935944,9.42,6,4,5,5,0,8,14.0,4.0,10.0,4.0,9,11.5,3.5,4,1.79,no,no,no,si,no,no,no,9.5,12,over,
2,2/2/24 14:00,AnkaragÃ¼cÃ¼ VS. Sivasspor,Turkey Super Lig,1.6397918,0.7206402,4.8503366,3.896648,8.75,2,3,4,4,4,2,4.0,7.00,8.0,4.0,7,9.5,1.98,3.25,3.45,no,no,no,si,no,no,no,7.5,8,under,
3,2/2/24 14:00,Hatayspor VS. Fatih KaragÃ¼mrÃ¼k,Turkey Super Lig,1.5268401,1.0628608,4.4265146,4.6104493,9.04,3,3.5,8.5,4,6,4,7.0,9.50,12.5,7.0,8,9.5,2.32,3.05,2.95,no,no,no,si,no,no,no,7.5,9,under,
6,2/2/24 17:30,Karlsruher SC VS. Wehen Wiesbaden,Germany Bundesliga 2,1.3942263,1.0756786,6.196746,3.9144886,10.11,6,8,4.5,4,2,4.5,10.5,10.00,8.5,6.5,10,10.5,1.71,4,3.95,no,no,no,si,no,no,no,8.5,7,under,
5,2/2/24 17:30,Magdeburg VS. Holstein Kiel,Germany Bundesliga 2,1.21,1.54,7.17,3.38,10.55,5,4.5,7,8,5,3,8.0,9.5,15.0,7.5,9,10.5,2.18,3.5,2.9,no,no,no,no,si,no,no,8.5,10,over,
7,2/2/24 18:45,Vilaverdense VS. Santa Clara,Portugal LigaPro,0.68,1.07,5.11,6.92,12.04,4,0,6.5,3,5.5,0,4.0,5.5,9.5,0.0,10,10.5,6,3.95,1.47,no,no,no,no,si,no,no,8.5,8,under,
16,2/2/24 19:00,Oss VS. ADO Den Haag,Netherlands Eerste Divisie,1.45,2.31,4.20,6.55,10.75,4,0,4,4.5,7,6,10.0,7,8.5,4.5,8,10.5,5.25,4.2,1.5,no,no,no,no,si,no,no,8.5,10,under,
12,2/2/24 19:00,Willem II VS. Cambuur,Netherlands Eerste Divisie,2.9622948,1.9985367,6.6591406,3.4129755,10.07,6,9,0,5,4,6.5,12.5,13.00,5.0,4.0,10,10.5,1.74,3.85,3.8,no,no,no,si,no,no,no,8.5,5,over,
10,2/2/24 19:00,Emmen VS. Eindhoven,Netherlands Eerste Divisie,1.6601481,1.4287844,5.9236617,3.8509645,9.77,4,8,6,5,2,1,5.0,10.0,11.0,5.0,9,10.5,1.65,3.85,4.25,no,no,no,si,no,no,no,8.5,13,over,
9,2/2/24 19:00,NAC Breda VS. De Graafschap,Netherlands Eerste Divisie,1.4071101,1.3767016,6.6778936,3.3150136,9.99,7,6.5,7,4,0,6,13.0,6.5,11.0,6.5,9,10.5,1.98,3.4,3.35,no,no,no,si,no,no,no,8.5,13,over,
8,2/2/24 19:00,Den Bosch VS. Helmond Sport,Netherlands Eerste Divisie,1.6232562,1.8018799,4.71209,3.7764637,8.49,5,5,5,5.5,2,5,10.0,7.00,10.5,7.0,8,9.5,2.4,3.25,2.7,no,no,no,si,no,no,no,7.5,7,under,
15,2/2/24 19:00,Almere City VS. Excelsior,Netherlands Eredivisie,1.69,1.20,5.76,4.09,9.86,5,4,5.5,4.5,2,2,7.0,6,10.0,6.0,9,9.5,1.93,3.65,3.65,no,no,no,no,si,no,no,7.5,10,over,
11,2/2/24 19:00,Dordrecht VS. Groningen,Netherlands Eerste Divisie,1.62,1.69,5.66,5.86,11.52,4,5,14,8,5,3.5,7.5,10,22.0,7.5,9,10.5,3.4,4,1.8,no,no,no,no,si,no,no,8.5,11,under,
19,2/2/24 19:45,Lecce VS. Fiorentina,Italy Serie A,1.35,1.07,4.59,4.88,9.48,5,5.5,3,4,8,6,11.0,13.5,7.0,7.0,8,8.5,3.7,3.3,2.06,no,no,no,no,si,no,no,6.5,4,over,
22,2/2/24 20:00,Athletic Club Bilbao VS. RCD Mallorca,Spain Primera Liga,1.8395871,0.54231703,5.4506164,2.9430053,8.39,5,7.5,7,1,5,3.5,8.5,12.50,8.0,6.0,8,9.5,1.5,3.95,6.75,no,no,no,si,no,no,no,7.5,8,under,
26,2/3/24 1:00,CÃ©sar Vallejo VS. Melgar,Liga 1 Peru,1.00,1.49,5.59,3.99,9.58,3,4,4,4,3,2,5.0,7,8.0,5.0,7,9.5,2.35,3.1,3.07,no,no,no,no,si,no,no,7.5,9,over,
25,2/3/24 1:00,QuerÃ©taro VS. Cruz Azul,Liga MX,1.2747512,1.7261487,3.532874,6.7855444,10.32,5,2.5,7,4,8,4,9.0,10.50,11.0,6.5,10,10.5,3.2,3.15,2.28,no,no,no,si,no,no,no,8.5,9,over,
27,2/3/24 3:00,Puebla VS. MazatlÃ¡n,Liga MX,1.86,1.81,5.00,5.23,10.23,4,2,7,3.5,1.5,3,7.0,3.5,10.5,3.5,9,9.5,1.9,3.7,3.55,no,no,no,no,si,no,no,7.5,13,over,
28,2/3/24 6:00,Western United VS. Sydney FC,A-League (Australia),1.1302019,0.5599151,5.661733,3.8694603,9.53,5,0,5,4,3,4,9.0,3.0,9.0,3.0,9,11.5,3.65,3.9,1.78,no,no,no,si,no,no,no,9.5,10,,
2,2/3/24 8:45,Adelaide United VS. Central Coast Mariners,A-League (Australia),1.88,1.90,6.82,5.48,12.31,4.5,13,10.5,4.5,4,7,11.5,17,15.0,8.5,10,11.5,2.45,3.8,2.35,no,no,no,no,si,no,no,9.5,11,over,
7,2/3/24 12:00,St. Pauli VS. Greuther FÃ¼rth,Germany Bundesliga 2,1.36,0.80,7.71,3.68,11.40,4,9,0,5,5,7,11.0,14,5.0,5.0,9,9.5,1.66,4,4.3,no,no,no,no,si,no,no,7.5,10,over,
5,2/3/24 12:00,NÃ¼rnberg VS. OsnabrÃ¼ck,Germany Bundesliga 2,1.8058237,1.2114023,4.589006,4.1907926,8.78,8.5,5.5,4,0,7,2.5,11.0,12.50,4.0,4.0,8,10.5,1.75,3.8,3.9,no,no,no,si,no,no,no,8.5,11,over,
10,2/3/24 12:30,Aberdeen VS. Celtic,Scotland Premiership,1.2073992,1.5179406,5.229733,4.108553,9.34,3,0,8,12,6,9,12.0,6.00,20.0,6.0,7,11.5,7.5,4.9,1.32,no,no,no,si,no,no,no,9.5,13,over,
8,2/3/24 12:30,Everton VS. Tottenham Hotspur,English Premier League,1.62,1.14,5.88,4.77,10.66,5,3,4,4,7,4.5,9.5,10,8.0,7.0,10,10.5,3.2,3.6,2.12,no,no,no,no,si,no,no,8.5,14,over,
11,2/3/24 13:00,Valencia CF VS. AlmerÃ,Spain Primera Liga,1.3563033,1.0493912,3.3123457,4.6954937,8.01,4,4.5,3,0,3,6,10.0,7.50,3.0,3.0,7,9.5,1.63,3.8,5.3,no,no,no,si,no,no,no,7.5,6,under,
13,2/3/24 13:00,Ä°stanbul BaÅ,Turkey Super Lig,1.3412887,0.8923673,4.611408,4.386146,9.00,4,3.5,2,7,4.5,5,9.0,8.00,9.0,6.5,7,9.5,1.52,4.1,5.1,no,no,no,si,no,no,no,7.5,11,over,
12,2/3/24 13:00,Albacete BalompiÃ© VS. FC Cartagena,Spain Segunda,1.35,1.19,6.68,3.16,9.84,4,5.5,6,5,2,4,8.0,7.5,11.0,6.0,7,8.5,1.66,3.3,5.1,no,no,no,no,si,no,no,6.5,7,over,
15,2/3/24 14:00,Torreense VS. AVS,Portugal LigaPro,1.3962157,1.5619351,4.1554213,5.0076375,9.16,4,6,3,5,0,4.5,8.5,6.00,8.0,3.0,8,10.5,2.88,2.9,2.45,no,no,no,si,no,no,no,8.5,11,over,
16,2/3/24 14:00,Empoli VS. Genoa,Italy Serie A,1.48,1.13,4.13,5.63,9.76,5.5,6.5,3,5,1,2.5,8.0,7.5,8.0,4.0,8,9.5,2.95,3.05,2.55,no,no,no,no,si,no,no,7.5,12,over,
19,2/3/24 14:30,Freiburg VS. Stuttgart,Germany Bundesliga 1,1.57,1.13,5.74,5.00,10.73,5,8,6,3,0,4,9.0,8,9.0,5.0,7,9.5,3.05,3.65,2.18,no,no,no,no,si,no,no,7.5,7,under,
17,2/3/24 14:30,Darmstadt 98 VS. Bayer Leverkusen,Germany Bundesliga 1,1.0662166,1.8584327,5.524467,3.9640112,9.49,2,4,4.5,6,6,0,2.0,10.00,10.5,2.0,8,9.5,9.5,5.75,1.28,no,no,no,si,no,no,no,7.5,7,under,
27,2/3/24 15:00,Swansea City VS. Plymouth Argyle,England Championship,1.36788,1.104229,5.3047824,4.2398734,9.54,3.5,3,4,0,3.5,6,9.5,6.5,4.0,3.0,9,10.5,1.96,3.8,3.45,no,no,no,si,no,no,no,8.5,10,over,
38,2/3/24 15:00,Newcastle United VS. Luton Town,English Premier League,1.59,1.21,7.86,3.45,11.31,5,0,5,5,5,4,9.0,5,10.0,4.0,10,10.5,1.35,5,8,no,no,no,no,si,no,no,8.5,10,over,
40,2/3/24 15:00,Stirling Albion VS. Cove Rangers,Scotland League One,1.49,1.25,5.25,4.86,10.11,9,2.5,3.5,3.5,4,2.5,11.5,6.5,7.0,5.0,8,9.5,2.65,3.5,2.28,no,no,no,no,si,no,no,7.5,10,over,
32,2/3/24 15:00,Huddersfield Town VS. Sheffield Wednesday,England Championship,1.7610857,1.0620972,4.5742517,4.5899434,9.16,2,2.5,5,2.5,3,7,9.0,5.50,7.5,4.5,8,10.5,2.45,3.15,2.95,no,no,no,si,no,no,no,8.5,15,over,
52,2/3/24 15:00,Ayr United VS. Dundee United,Scotland Championship,1.5709028,1.4299157,5.1373167,5.314002,10.45,5,5.5,5,3,5.5,0,5.0,11.00,8.0,5.0,8,10.5,5.2,4,1.55,no,no,no,si,no,no,no,8.5,17,over,
23,2/3/24 15:00,Burnley VS. Fulham,English Premier League,1.4033192,0.9163681,5.066016,4.062243,9.13,6,2,7,4,3,4,10.0,5.00,11.0,5.0,8,9.5,2.85,3.2,2.5,no,no,no,si,no,no,no,7.5,15,over,
47,2/3/24 15:00,RWDM VS. Standard LiÃ¨ge,Belgium First Division,1.5357115,1.1135076,4.2859354,3.928928,8.21,5,6,2,4.5,3,3,8.0,9.00,6.5,5.0,7,9.5,3.1,3.2,2.2,no,no,no,si,no,no,no,7.5,7,under,
55,2/3/24 15:00,Annan Athletic VS. Alloa Athletic,Scotland League One,1.4371645,1.0760015,5.1082363,4.003213,9.11,4,5,3,6,1,3,7.0,6.00,9.0,4.0,8,9.5,2.7,3.5,2.28,no,no,no,si,no,no,no,7.5,8,under,
53,2/3/24 15:00,Dunfermline Athletic VS. Greenock Morton,Scotland Championship,1.4367204,1.129004,6.0832334,4.77747,10.86,10,10,3,4,4,4,14.0,14.0,7.0,7.0,9,11.5,2.48,3.35,2.6,no,no,no,si,no,no,no,9.5,9,under,
50,2/3/24 15:00,Preston North End VS. Ipswich Town,England Championship,1.4330627,1.1989365,4.401985,5.702993,10.10,5,6,6,3,8,2.5,7.5,14.0,9.0,7.5,10,10.5,3.7,3.5,2.0,no,no,no,si,no,no,no,8.5,9,under,
26,2/3/24 15:00,Peterborough United VS. Wigan Athletic,England League 1,1.6283002,1.0871004,6.119077,3.3495474,9.47,5,7,8,2,5,3,8.0,12.0,10.0,7.0,9,10.5,1.48,4,6.1,no,no,no,si,no,no,no,8.5,6,under,
56,2/3/24 15:00,Queen of the South VS. Hamilton Academical,Scotland League One,1.23,1.29,5.30,5.65,10.95,2,5,5.5,7,5,9,11.0,10,12.5,7.0,8,9.5,5.5,4,1.5,no,no,no,no,si,no,no,7.5,8,under,
48,2/3/24 15:00,Rangers VS. Livingston,Scotland Premiership,1.62,1.14,8.84,3.11,11.95,7,0,5.5,3,2,3,10.0,2,8.5,2.0,10,11.5,1.06,10,19,no,no,no,no,si,no,no,9.5,14,over,
35,2/3/24 15:00,Blackburn Rovers VS. Queens Park Rangers,England Championship,1.62,1.17,5.99,4.78,10.77,5,6,7,5,7,3,8.0,13,12.0,8.0,10,10.5,1.97,3.35,3.9,no,no,no,no,si,no,no,8.5,14,over,
59,2/3/24 15:15,SD Huesca VS. AD AlcorcÃ³n,Spain Segunda,1.3801739,1.1934856,4.3669524,4.1682158,8.54,3.5,7,4,2.5,3,2,5.5,10.00,6.5,5.5,7,9.5,1.83,2.95,4.7,no,no,no,si,no,no,no,7.5,9,under,
63,2/3/24 15:30,Portimonense VS. FC Arouca,Portugal Primeira Liga,1.38,1.25,4.11,5.84,9.95,4,2.5,3,4,2.5,4,8.0,5,7.0,5.0,9,9.5,2.8,3.4,2.2,no,no,no,no,si,no,no,7.5,5,under,
65,2/3/24 16:00,Antalyaspor VS. FenerbahÃ§e,Turkey Super Lig,1.47,1.60,4.71,5.45,10.16,3,6,3,7,5,0,3.0,11,10.0,3.0,9,9.5,5.6,4,1.49,no,no,no,no,si,no,no,7.5,13,over,
64,2/3/24 16:00,GaziÅ,Turkey Super Lig,1.6100109,1.1531359,4.3327127,3.8573306,8.19,6,3,4,2,4.5,4,10.0,7.50,6.0,5.0,8,9.5,2.12,3.25,3.1,no,no,no,si,no,no,no,7.5,13,over,
66,2/3/24 16:00,Rennes VS. Montpellier,France League 1,1.5768195,1.0847176,5.0742702,3.9484315,9.02,5.5,5,5,3,4,3,8.5,9.0,8.0,8.0,9,9.5,1.54,4.2,5.6,no,no,no,si,no,no,no,7.5,8,over,
67,2/3/24 17:00,Frosinone VS. AC Milan,Italy Serie A,1.58,1.89,5.55,4.83,10.38,4.5,5.5,5,5.5,4,2,6.5,9.5,10.5,6.5,9,9.5,5,4.2,1.61,no,no,no,no,si,no,no,7.5,6,over,
75,2/3/24 18:00,FamalicÃ£o VS. Sporting CP,Portugal Primeira Liga,1.8346437,1.1550293,5.6714244,3.6669862,9.34,7,3,7,7,2,5,12.0,5.0,14.0,5.0,9,10.5,7.5,4.4,1.35,no,no,no,si,no,no,no,8.5,P,,
77,2/3/24 19:00,Ajax VS. PSV,Netherlands Eredivisie,2.0946724,1.0807865,6.463459,4.0007877,10.46,7,5,5,7,3,0,7.0,8.0,12.0,5.0,9,10.5,3.3,4.2,1.91,no,no,no,si,no,no,no,8.5,8,under,
82,2/3/24 20:00,CD Tenerife VS. FC Andorra,Spain Segunda,1.30,0.84,5.11,3.52,8.63,5,4.5,6,2,3,3,8.0,7.5,8.0,6.5,7,8.5,1.87,3.05,4.25,no,no,no,no,si,no,no,6.5,9,under,
84,2/3/24 20:00,Nantes VS. Lens,France League 1,1.23,1.20,5.16,5.24,10.39,4,2,8.5,4,3,5.5,9.5,5,12.5,5.0,8,9.5,3.25,3.45,2.15,no,no,no,no,si,no,no,7.5,5,over,
87,2/3/24 23:00,Toluca VS. LeÃ³n,Liga MX,1.39,1.08,5.97,4.17,10.14,5,4,3.5,8,4,4,9.0,8,11.5,7.5,8,9.5,2.14,3.4,3.2,no,no,no,no,si,no,no,7.5,9,over,
91,2/4/24 1:10,Pachuca VS. Tijuana,Liga MX,1.5357597,1.1900376,5.5754843,3.9888382,9.56,5,7,7.5,0,5.5,6,11.0,12.5,7.5,5.0,9,10.5,1.75,3.65,4.35,no,no,no,si,no,no,no,8.5,16,over,
0,2/4/24 8:00,Macarthur VS. Western Sydney Wanderers,A-League (Australia),1.38,1.29,4.71,8.97,13.68,8.5,3,8,4,4,6,14.5,7,12.0,7.0,9,11.5,2.85,3.8,2.1,no,no,no,no,si,no,no,9.5,13,over,
1,2/4/24 10:30,Pendikspor VS. Adana Demirspor,Turkey Super Lig,1.20,1.09,5.25,4.69,9.95,4,5,4,0,5,4,8.0,10,4.0,4.0,8,9.5,2.02,3.4,3.2,no,no,no,no,si,no,no,7.5,13,over,
3,2/4/24 11:15,Vitesse VS. Go Ahead Eagles,Netherlands Eredivisie,1.23,0.95,4.56,5.53,10.08,3,11,4,0.5,4.5,2,5.0,15.5,4.5,3.5,9,9.5,2.9,3.5,2.3,no,no,no,no,si,no,no,7.5,10,over,
4,2/4/24 11:30,Torino VS. Salernitana,Italy Serie A,1.7540109,0.9603055,5.3088837,3.9799435,9.29,4,8,2,6,0.5,3,7.0,8.50,8.0,2.5,8,9.5,1.45,4.25,7.5,no,no,no,si,no,no,no,7.5,11,over,
7,2/4/24 12:30,Royal Antwerp FC VS. Club Brugge,Belgium First Division,1.5801902,1.3679737,6.3360243,2.987126,9.32,6,7.5,0,6,6.5,5.5,11.5,14.0,6.0,5.5,9,9.5,3.55,3.35,1.94,no,no,no,si,no,no,no,7.5,14,over,
12,2/4/24 13:00,Villarreal VS. CÃ¡diz,Spain Primera Liga,1.34,1.16,5.39,4.55,9.94,4,6.5,6,0,3.5,4,8.0,10,6.0,4.0,9,9.5,1.6,3.85,5.5,no,no,no,no,si,no,no,7.5,15,over,
11,2/4/24 13:00,Racing Club de Ferrol VS. SD Eibar,Spain Segunda,1.48,1.47,5.70,3.98,9.68,4,5,7,6,4,5,9.0,9,13.0,8.0,9,9.5,2.75,2.8,2.63,no,no,no,no,si,no,no,7.5,4,over,
19,2/4/24 14:00,Metz VS. Lorient,France League 1,1.6127502,1.1158152,4.2515297,3.7907515,8.04,2,4,3,0,2,3,5.0,6.00,3.0,2.0,6,8.5,2.25,3.15,3.35,no,no,no,si,no,no,no,6.5,7,over,
18,2/4/24 14:00,Chelsea VS. Wolverhampton Wanderers,English Premier League,1.52,1.28,6.95,3.65,10.60,6,3,7,2,1.5,3,9.0,4.5,9.0,4.5,9,10.5,1.54,4.25,5.5,no,no,no,no,si,no,no,8.5,11,over,
22,2/4/24 14:00,Reims VS. Toulouse,France League 1,1.37,0.98,5.25,4.30,9.54,4,6,8,3.5,1,3,7.0,7,11.5,5.0,8,9.5,1.73,3.7,4.6,no,no,no,no,si,no,no,7.5,16,over,
20,2/4/24 14:00,Lille VS. Clermont,France League 1,1.4224987,1.2424021,5.614143,3.6399772,9.25,5.5,9.5,4,4,6,2.5,8.0,15.50,8.0,6.5,8,9.5,1.38,4.75,7.5,no,no,no,si,no,no,no,7.5,13,over,
17,2/4/24 14:00,CS MarÃ,Portugal LigaPro,1.29,1.32,6.24,4.62,10.85,3,7,3,6,5,5,8.0,12,9.0,8.0,10,10.5,1.67,3.6,4.5,no,no,no,no,si,no,no,8.5,11,over,
24,2/4/24 14:30,Wolfsburg VS. Hoffenheim,Germany Bundesliga 1,1.6232285,1.2813457,3.7711945,4.232919,8.00,2,5,4,4,5,2,4.0,10.00,8.0,4.0,8,9.5,2.04,3.8,3.25,no,no,no,si,no,no,no,7.5,9,over,
25,2/4/24 15:00,AS Eupen VS. KV Mechelen,Belgium First Division,1.43,1.79,4.31,7.54,11.85,3,4,5,4,2,4.5,7.5,6,9.0,5.0,10,10.5,3,3.3,2.2,no,no,no,no,si,no,no,8.5,12,over,
27,2/4/24 15:15,CA Osasuna VS. Celta de Vigo,Spain Primera Liga,1.4350418,1.1132079,5.3162327,3.2367663,8.55,3,7,6,5,4,3,6.0,11.00,11.0,6.0,8,9.5,2.25,3.1,3.35,no,no,no,si,no,no,no,7.5,10,under,
31,2/4/24 15:30,GD Chaves VS. Farense,Portugal Primeira Liga,1.7113369,1.5469071,5.2116194,3.0260751,8.24,4,10,3,3,3,4,8.0,13.00,6.0,6.0,8,10.5,2.4,3.2,2.7,no,no,no,si,no,no,no,8.5,9,under,
33,2/4/24 16:00,BeÅ,Turkey Super Lig,1.67,0.88,6.38,3.72,10.10,6.5,7,4,3,2,2,8.5,9,7.0,6.0,7,9.5,1.9,3.45,3.55,no,no,no,no,si,no,no,7.5,12,over,
34,2/4/24 16:05,Brest VS. Nice,France League 1,1.44,0.89,6.11,3.27,9.39,4,6,9,2.5,8,6,10.0,14,11.5,6.5,7,8.5,2.43,3.15,2.95,no,no,no,no,si,no,no,6.5,10,over,
39,2/4/24 17:30,RSC Anderlecht VS. KAA Gent,Belgium First Division,1.6837387,1.3559288,5.1496468,4.5689235,9.72,5,3,0,5.5,6.5,5,10.0,9.5,5.5,5.0,9,10.5,2.07,3.25,3.35,no,no,no,si,no,no,no,8.5,10,over,
41,2/4/24 18:00,Benfica VS. Gil Vicente,Portugal Primeira Liga,1.85,0.92,8.93,3.42,12.36,9,12.5,0,8,0,3,12.0,12.5,8.0,0.0,9,10.5,1.09,8.5,17,no,no,no,no,si,no,no,8.5,10,over,
43,2/4/24 18:15,Cercle Brugge VS. Sint-Truiden,Belgium First Division,1.8349167,1.1816872,6.0201406,3.4783819,9.50,6,5,5.5,9.5,3.5,4,10.0,8.5,15.0,8.5,9,9.5,1.8,3.65,3.8,no,no,no,si,no,no,no,7.5,14,over,
47,2/4/24 20:00,Real Madrid VS. AtlÃ©tico Madrid,Spain Primera Liga,1.3362377,1.2620087,7.304712,2.468766,9.77,6,11,0,2.5,7,7,13.0,18.0,2.5,2.5,9,10.5,1.62,4.3,4.6,no,no,no,si,no,no,no,8.5,10,,
51,2/5/24 1:00,AtlÃ©tico San Luis VS. Guadalajara,Liga MX,1.5633471,0.9621693,5.829774,4.341228,10.17,4,5,5,5,3,4,8.0,8.00,10.0,7.0,8,10.5,2.55,3.25,2.65,no,no,no,si,no,no,no,8.5,11,,
2,2/5/24 19:00,AZ II VS. Roda JC,Netherlands Eerste Divisie,2.06,1.11,5.59,4.16,9.75,3,3.5,3,4,5.5,6,9.0,9,7.0,7.0,8,9.5,3,3.8,2,no,no,no,no,si,no,no,7.5,10,over,
3,2/5/24 19:30,Real Zaragoza VS. Sporting GijÃ³n,Spain Segunda,0.55,1.31,5.15,4.47,9.62,4,6,6,5,2.5,3.5,7.5,8.5,11.0,6.5,8,8.5,2.43,2.8,3.05,no,no,no,no,si,no,no,6.5,8,over,
4,2/5/24 19:45,Roma VS. Cagliari,Italy Serie A,2.11,0.37,5.73,5.37,11.10,5,6,3,0,5,4,9.0,11,3.0,3.0,7,9.5,1.38,4.6,8.5,no,no,no,no,si,no,no,7.5,12,over,
8,2/6/24 3:00,Wellington Phoenix VS. Central Coast Mariners,A-League (Australia),1.88,1.14,5.10,7.20,12.29,5,4,5,4,4,7,12.0,8,9.0,8.0,10,11.5,3.2,3.65,1.97,no,no,no,no,si,no,no,9.5,5,under,
11,2/6/24 19:45,Bayer Leverkusen VS. Stuttgart,DFB Pokal,1.99,0.56,7.25,2.87,10.12,7,12,0,3,0,4,11.0,12,3.0,0.0,8,9.5,1.67,4.2,4.35,no,no,no,no,si,no,no,7.5,12,over,
10,2/6/24 19:45,Plymouth Argyle VS. Leeds United,English FA Cup,1.44,1.35,5.59,6.26,11.86,5,8,8,4,4.5,5,10.0,12.5,12.0,9.0,11,11.5,4.35,4.35,1.63,no,no,no,no,si,no,no,9.5,13,over,
2,2/6/24 19:45,Port Vale VS. Leyton Orient,England League 1,0.8779106,1.8462952,6.0806947,4.2465487,10.33,5,12,8,7,4.5,6,11.0,16.50,15.0,9.5,10,10.5,2.75,3.2,2.43,no,no,no,si,no,no,no,8.5,6,,
7,2/6/24 19:45,Motherwell VS. Ross County,Scotland Premiership,1.6281209,1.7459292,3.9814932,4.319148,8.30,4,5,4,2,4,5,9.0,9.00,6.0,6.0,8,10.5,1.91,3.25,3.8,no,no,no,si,no,no,no,8.5,9,under,
6,2/6/24 19:45,Cambridge United VS. Bolton Wanderers,England League 1,0.47153103,1.2881571,4.955744,4.9695845,9.93,5,4,5,5,6,3,8.0,10.00,10.0,7.0,8,10.5,3.75,3.25,1.95,no,no,no,si,no,no,no,8.5,P,,
12,2/6/24 20:00,Rangers VS. Aberdeen,Scotland Premiership,2.4196303,1.2242757,7.395285,3.2190475,10.61,8,0,5.5,5,4,3,11.0,4.0,10.5,3.0,9,11.5,1.23,5.6,9.5,no,no,no,si,no,no,no,9.5,13,over,
1,1/26/24 17:30,Kaiserslautern VS. Schalke 04,Germany Bundesliga 2,1.9872657,1.1155595,3.937343,4.6744375,8.6117805,4.5,3,7.5,5.5,7,4.5,9.0,10,13.0,7.5,10,10.5,2.35,3.45,2.7,no,no,si,no,no,no,no,8.5,5,under,
2,1/26/24 17:30,Hannover 96 VS. NÃƒÂ¼rnberg,Germany Bundesliga 2,2.6377113,1.124612,4.808936,3.8018212,8.6107572,4.5,5,3,3.5,3,6.5,11.0,8,6.5,6.0,9,10.5,1.81,3.5,4,no,no,si,no,no,no,no,8.5,12,over,
3,1/26/24 19:00,De Graafschap VS. VVV,Netherlands Eerste Divisie,1.6737195,1.0587398,6.141057,4.0754976,10.2165546,9,4,10.5,5,4.5,7,16.0,8.5,15.5,8.5,8,9.5,1.82,3.6,3.7,no,no,no,no,no,no,no,,13,,
4,1/26/24 19:00,Helmond Sport VS. NAC Breda,Netherlands Eerste Divisie,1.2199938,2.0516462,5.5645633,5.024253,10.5888163,5,7.5,6,5,3,5.5,10.5,10.5,11.0,8.0,10,9.5,3.3,3.65,1.92,no,no,no,no,no,si,no,,5,,
5,1/26/24 19:00,Groningen VS. AZ II,Netherlands Eerste Divisie,1.7445512,0.8991957,7.2867928,4.5683136,11.8551064,7,8,11.5,3.5,5,6,13.0,13,15.0,10.5,9,9.5,1.33,5.1,6.75,no,no,no,no,no,no,no,,10,,
6,1/26/24 19:00,Telstar VS. Den Bosch,Netherlands Eerste Divisie,1.4797792,1.2115357,5.90752,5.2411785,11.1486985,3,6,5.5,3,3.5,2.5,5.5,9.5,8.5,5.5,9,9.5,1.85,3.8,3.4,no,no,no,no,si,no,no,7.5,14,over,
7,1/26/24 19:00,ADO Den Haag VS. Emmen,Netherlands Eerste Divisie,2.3620262,0.7201098,5.132954,4.7834773,9.9164313,4,4,6,5.5,3,3,7.0,7,11.5,7.0,10,9.5,2.05,3.3,3.2,no,no,no,no,no,no,no,,9,under,
8,1/26/24 19:00,PEC Zwolle VS. Vitesse,Netherlands Eredivisie,2.2630553,1.7228231,4.942159,3.633125,8.575284,2,7.5,3,6,0,3,5.0,7.5,9.0,2.0,8,9.5,1.9,3.7,3.75,no,no,no,si,no,no,no,7.5,9,over,
9,1/26/24 19:00,Roda JC VS. Utrecht II,Netherlands Eerste Divisie,2.068646,0.6586316,6.270923,3.81034,10.081263,8,3,10,0,5,4,12.0,8,10.0,3.0,10,9.5,1.29,4.9,8.5,no,no,no,no,no,si,no,,9,,
10,1/26/24 19:00,Eindhoven VS. MVV,Netherlands Eerste Divisie,1.4041348,1.1589581,5.3968706,4.978955,10.3758256,3.5,5,7,3.5,4,2,5.5,9,10.5,5.5,8,9.5,1.83,3.55,3.7,no,no,no,no,si,no,no,7.5,17,over,
11,1/26/24 19:30,Eintracht Frankfurt VS. Mainz 05,Germany Bundesliga 1,1.4041348,0.9056684,5.077997,3.7335181,8.8115151,5,7,4,0,4.5,4,9.0,11.5,4.0,4.0,8,8.5,1.98,3.5,3.7,no,no,no,no,si,no,no,6.5,3,under,
12,1/26/24 19:30,SD Eibar VS. MirandÃƒÂ©s,Spain Segunda,1.4685956,1.7025106,6.128131,2.9513147,9.0794457,4,5.5,8,1.5,4,4,8.0,9.5,9.5,5.5,8,9.5,1.65,3.45,4.9,no,no,no,si,no,no,no,7.5,10,over,
13,1/26/24 19:45,Cercle Brugge VS. Standard LiÃƒÂ¨ge,Belgium First Division,2.0154166,1.1228784,5.423261,3.0992506,8.5225116,6,0,5.5,4.5,2,3,9.0,2,10.0,2.0,7,9.5,1.48,4.25,5.6,no,no,no,si,no,no,no,7.5,9,over,
14,1/26/24 19:45,Bristol City VS. Nottingham Forest,English FA Cup,2.533749,1.529787,4.604643,3.6909792,8.2956222,6,7,6,1,5,3.5,9.5,12,7.0,7.0,10,10.5,3.25,3.4,2.1,no,no,si,no,no,no,no,8.5,7,under,
15,1/26/24 19:45,Sheffield Wednesday VS. Coventry City,English FA Cup,1.5740645,1.6395491,4.0583982,3.875311,7.9337092,6,5,6.5,7,3,8,14.0,8,13.5,8.0,11,10.5,3.15,3.4,2.17,si,no,no,no,no,no,no,8.5,14,over,
16,1/26/24 19:45,Cagliari VS. Torino,Italy Serie A,1.3987017,0.8479618,4.5304656,3.667784,8.1982496,3.5,8,4,1,4,2,5.5,12,5.0,4.5,6,8.5,3.5,3.15,2.17,no,no,no,si,no,no,no,6.5,11,over,
17,1/26/24 19:45,Chelsea VS. Aston Villa,English FA Cup,1.7090302,1.6780668,6.8215833,3.5932112,10.4147945,6,3,7,8.5,7,5.5,11.5,10,15.5,8.5,9,9.5,1.98,3.65,3.4,no,no,no,no,si,no,no,7.5,14,over,
18,1/26/24 20:00,AlmerÃƒÂ,Spain Primera Liga,1.3642994,1.0097871,5.671279,4.5804186,10.2516976,0,4,5,4,4,3.5,3.5,8,9.0,3.5,7,9.5,2.63,3.15,2.75,no,no,no,no,si,no,no,7.5,14,over,
19,1/26/24 20:00,Olympique Lyonnais VS. Rennes,France League 1,1.6576613,1.2276227,4.4338193,4.051977,8.4857963,4.5,5,5.5,5,4.5,6,10.5,9.5,10.5,9.0,9,8.5,2.5,3.15,2.85,no,no,no,no,no,no,no,,5,,
20,1/26/24 20:00,Tottenham Hotspur VS. Manchester City,English FA Cup,1.4113799,2.0724275,7.3400583,4.998471,12.3385293,3.5,0,8,11.5,3,4,7.5,3,19.5,3.0,11,10.5,4.6,4.3,1.6,no,no,no,no,no,si,no,,16,,
21,1/27/24 6:00,Western United VS. Western Sydney Wanderers,A-League (Australia),1.2982951,1.2104446,5.6502666,3.9828937,9.6331603,5,0,7.5,6,4,6,11.0,4,13.5,4.0,11,11.5,2.95,3.75,2.07,no,no,si,no,no,no,no,9.5,3,under,
22,1/27/24 7:00,Newcastle Jets FC VS. Wellington Phoenix,A-League (Australia),1.4914871,1.6083894,4.6286445,4.86241,9.4910545,7,6.5,5,6,1,1,8.0,7.5,11.0,6.0,11,11.5,2.15,3.7,2.8,no,no,si,no,no,no,no,9.5,17,over,
0,2/8/24 3:00,Pachuca VS. LeÃ³n,Liga MX,2.5600512,1.6689322,5.1407633,4.6959057,9.836669,6,7,7.5,8,4,4,10.0,11,15.5,10.0,8,9.5,2.18,3.55,2.95,no,no,no,no,no,no,no,,7,,
1,2/8/24 18:45,VitÃ³ria GuimarÃ£es VS. Gil Vicente,Portugal Taça de Portugal,3.021568,0.94390845,4.9733267,3.4263177,8.40,4,0,10,8,0,3,7.0,0.00,18.0,0.0,8,9.5,1.66,3.5,4.7,no,no,no,si,no,no,no,7.5,10,under,
2,2/8/24 19:00,Groningen VS. Fortuna Sittard,KNVB Cup (Netherlands),2.6049042,0.22671315,7.699746,3.2995229,10.9992689,7,8,11.5,2,3,4,11.0,11,13.5,9.0,8,9.5,2.43,3.3,2.6,no,no,no,no,no,no,no,,8,,
3,2/8/24 20:45,FC Vizela VS. Benfica,Portugal Taça de Portugal,0.40,1.92,3.63,6.05,9.68,4,5,4,4,7,3,7.0,12,8.0,7.0,8,9.5,8,4.9,1.3,no,no,no,no,si,no,no,7.5,13,over,
0,2/10/24 3:10,Tijuana VS. QuerÃƒÂ©taro,Liga MX,1.7206563,1.1681707,4.8047166,3.4890404,8.293757,5.5,5.5,6,7,1,4,9.5,6.5,13.0,6.5,9,10.5,1.74,3.6,4.5,no,no,si,no,no,no,no,8.5,,,
1,2/10/24 4:30,Wellington Phoenix VS. Western United,A-League (Australia),2.108367,0.805388,5.216325,4.7079377,9.9242627,5,4,5,4,9,5,10.0,13,9.0,8.0,10,11.5,1.81,3.7,3.65,no,no,si,no,no,no,no,9.5,,,
2,2/10/24 6:30,Melbourne Victory FC VS. Macarthur,A-League (Australia),1.8313962,1.2901374,7.055682,3.3639617,10.4196437,6,10,0,3,4.5,6.5,12.5,14.5,3.0,3.0,11,11.5,1.42,4.6,5.8,no,no,si,no,no,no,no,9.5,,,
3,2/10/24 7:00,Brisbane Roar VS. Melbourne City FC,A-League (Australia),1.62,1.42,6.25,4.97,11.21,4,5.5,8,5,0,8,12.0,5.5,13.0,4.0,8,9.5,3.2,3.75,1.94,no,no,no,no,si,no,no,7.5,13,over,
4,2/10/24 8:45,Central Coast Mariners VS. Sydney FC,A-League (Australia),1.898977,1.1456403,6.0947905,4.2293777,10.32,4,4,5,4,3.5,4,8.0,7.5,9.0,7.5,9,11.5,2.0,3.9,3.1,no,no,no,si,no,no,no,9.5,12,over,
5,2/10/24 11:00,Academico Viseu VS. FC Penafiel,Portugal LigaPro,1.3538815,0.5879024,4.6500983,3.430471,8.08,4.5,4,8,2,3.5,5,9.5,7.50,10.0,6.0,8,10.5,1.82,3.25,4.1,no,no,no,si,no,no,no,8.5,13,over,
8,2/10/24 12:00,Magdeburg VS. St. Pauli,Germany Bundesliga 2,1.59,1.09,6.91,3.86,10.77,5,4.5,7,3,5.5,0,5.0,10,10.0,4.5,9,9.5,4.4,3.65,1.71,no,no,no,no,si,no,no,7.5,6,under,
6,2/10/24 12:00,Eintracht Braunschweig VS. Karlsruher SC,Germany Bundesliga 2,1.833142,1.5248885,5.426881,3.8154774,9.24,4,2.5,6.5,5.5,4,5.5,9.5,6.5,12.0,6.5,9,10.5,2.43,3.45,2.6,no,no,no,si,no,no,no,8.5,16,over,
7,2/10/24 12:00,Fortuna DÃƒÂ¼sseldorf VS. Elversberg,Germany Bundesliga 2,1.5234058,1.2773149,6.4842415,4.6689315,11.153173,6.5,6.5,7.5,2.5,4,5,11.5,10.5,10.0,9.0,9,9.5,1.76,3.85,3.85,no,no,no,no,si,no,no,7.5,7,under,
9,2/10/24 12:30,Manchester City VS. Everton,English Premier League,1.6452737,1.0153663,7.093915,3.561959,10.655874,6,9,0,3,4,4,10.0,13,3.0,3.0,11,10.5,1.15,7.5,16,no,no,no,no,no,no,no,,,,
10,2/10/24 12:30,Ipswich Town VS. West Bromwich Albion,England Championship,1.4473313,1.1853309,6.182857,3.5416963,9.7245533,6,6,8,4,3,7,13.0,9,12.0,9.0,8,10.5,2.06,3.4,3.5,no,no,no,no,no,no,no,,,,
11,2/10/24 13:00,Fatih KaragÃƒÂ¼mrÃƒÂ¼k VS. Pendikspor,Turkey Super Lig,1.5669725,1.3248202,4.6351333,4.0664096,8.7015429,5,3.5,4,4.5,5,5,10.0,8.5,8.5,8.0,8,8.5,2.1,3.2,3.2,no,no,no,no,si,no,no,6.5,15,over,
12,2/10/24 13:00,Deportivo AlavÃƒÂ©s VS. Villarreal,Spain Primera Liga,2.4245722,1.2076066,5.176091,3.6924791,8.8685701,4,5,4,1,4,3,7.0,9,5.0,5.0,9,9.5,2.28,3.25,3.15,no,no,si,no,no,no,no,7.5,,,
13,2/10/24 14:00,Cagliari VS. Lazio,Italy Serie A,1.4029893,1.3764431,4.971086,4.1836147,9.1547007,3.5,8,4,5.5,7,4,7.5,15,9.5,7.5,10,9.5,3.65,3.2,2.12,no,si,no,no,no,no,no,7.5,,,
14,2/10/24 14:00,CD Nacional VS. Vilaverdense,Portugal LigaPro,2.033725,1.0751096,5.6838145,3.484642,9.1684565,6,4.5,3,5,3,5,11.0,7.5,8.0,6.0,10,11.5,1.4,4.35,6.4,no,no,si,no,no,no,no,9.5,,,
16,2/10/24 14:30,Werder Bremen VS. Heidenheim,Germany Bundesliga 1,1.3514944,1.1702726,4.416028,4.1013513,8.52,5,2,1,1,6,3.5,8.5,8.00,2.0,2.0,7,9.5,1.78,3.8,4.2,no,no,no,si,no,no,no,7.5,15,over,
17,2/10/24 14:30,Eintracht Frankfurt VS. Bochum,Germany Bundesliga 1,1.83,1.08,5.34,4.64,9.99,3,7,4,2,5,2.5,5.5,12,6.0,5.0,7,9.5,1.68,3.85,4.8,no,no,no,no,si,no,no,7.5,11,over,
18,2/10/24 14:30,Union Berlin VS. Wolfsburg,Germany Bundesliga 1,2.1453,0.8180838,5.058646,3.9420307,9.00,4,3,6.5,4,2.5,5,9.0,5.5,10.5,5.5,9,9.5,2.3,3.3,3.1,no,no,no,si,no,no,no,7.5,16,over,
15,2/10/24 14:30,Augsburg VS. RB Leipzig,Germany Bundesliga 1,1.62,1.53,4.13,6.14,10.28,3,3.5,4,6,4,6,9.0,7.5,10.0,7.0,9,9.5,4.35,4.2,1.68,no,no,no,no,si,no,no,7.5,4,under,
19,2/10/24 14:30,Borussia M'gladbach VS. Darmstadt 98,Germany Bundesliga 1,1.6605197,1.2549142,4.1375985,4.457004,8.5946025,6,7,5,4,2.5,3,9.0,9.5,9.0,7.5,9,10.5,1.54,4.3,5.4,no,no,si,no,no,no,no,8.5,,,
27,2/10/24 15:00,Hamilton Academical VS. Annan Athletic,Scotland League One,2.06,1.30,6.89,4.47,11.36,7,9,6,0,3.5,1.5,8.5,12.5,6.0,6.0,7,9.5,1.2,5.8,9.5,no,no,no,no,si,no,no,7.5,15,over,
21,2/10/24 15:00,Standard LiÃƒÂ¨ge VS. OH Leuven,Belgium First Division,1.4772063,1.1715876,5.016275,3.5807085,8.5969835,3,5,4.5,5.5,5,3,6.0,10,10.0,6.0,9,10.5,1.82,3.55,3.85,no,no,si,no,no,no,no,8.5,,,
41,2/10/24 15:00,Leeds United VS. Rotherham United,England Championship,1.6001431,0.9477158,5.814482,3.8027935,9.62,6,6,0,0,4,3,9.0,10.00,0.0,0.0,8,10.5,1.14,8.5,15,no,no,no,si,no,no,no,8.5,8,under,
29,2/10/24 15:00,Tottenham Hotspur VS. Brighton & Hove Albion,English Premier League,1.83,1.12,7.47,4.19,11.66,4,0,8,3,1,3,7.0,1,11.0,1.0,8,10.5,1.74,4.2,3.95,no,no,no,no,si,no,no,8.5,15,over,
22,2/10/24 15:00,Alloa Athletic VS. Stirling Albion,Scotland League One,1.6226029,1.0676972,4.490049,3.8655913,8.36,4,7,3,4,0,2,6.0,7.00,7.0,3.0,8,9.5,2.2,3.25,2.95,no,no,no,si,no,no,no,7.5,15,over,
24,2/10/24 15:00,Montrose VS. Edinburgh City,Scotland League One,1.33,1.19,5.68,4.97,10.65,5,5,6,0,2.5,3,8.0,7.5,6.0,5.0,9,9.5,1.14,7.5,11.5,no,no,no,no,si,no,no,7.5,9,over,
23,2/10/24 15:00,Kelty Hearts VS. Queen of the South,Scotland League One,1.44,1.36,5.07,5.64,10.71,5,4,3,6,10,2,7.0,14,9.0,5.0,9,9.5,2.3,3.3,2.75,no,no,no,no,si,no,no,7.5,14,over,
28,2/10/24 15:00,Reading VS. Charlton Athletic,England League 1,1.5847498,1.0527991,4.166634,4.227676,8.39431,6,4.5,6,4,4,5,11.0,8.5,10.0,8.5,8,10.5,2.23,3.4,2.9,no,no,no,no,no,no,si,,,,
33,2/10/24 15:00,Liverpool VS. Burnley,English Premier League,1.65,1.12,9.11,1.73,10.84,7,8,0,6,2.5,3,10.0,10.5,6.0,2.5,10,10.5,1.16,7.5,15,no,no,no,no,si,no,no,8.5,12,over,
30,2/10/24 15:00,Fulham VS. AFC Bournemouth,English Premier League,2.196199,1.1355838,5.7291045,3.8960514,9.6251559,6,15,8,6.5,3.5,4,10.0,18.5,14.5,9.5,11,10.5,2.32,3.4,2.95,no,si,no,no,no,no,no,8.5,,,
31,2/10/24 15:00,Wolverhampton Wanderers VS. Brentford,English Premier League,1.7554343,1.2093247,5.3086305,4.8843985,10.193029,5,4,4,3,11,3,8.0,15,7.0,7.0,10,9.5,2.04,3.55,3.45,no,no,no,no,no,si,no,,,,
32,2/10/24 15:00,Luton Town VS. Sheffield United,English Premier League,1.6587121,1.0191146,4.9487123,4.758165,9.7068773,6,7,6.5,0,2,2,8.0,9,6.5,6.0,10,10.5,1.63,4,5,no,no,si,no,no,no,no,8.5,,,
49,2/10/24 15:00,Northampton Town VS. Bolton Wanderers,England League 1,1.3092463,1.0679073,5.2285185,4.1492405,9.38,5,3,7,5,6,3,8.0,9.00,12.0,6.0,8,9.5,4.2,3.5,1.78,no,no,no,si,no,no,no,7.5,11,under,
34,2/10/24 15:00,Hull City VS. Swansea City,England Championship,1.6723081,1.3599781,6.7352405,3.3745751,10.1098156,7,7,7.5,6,4.5,3,10.0,11.5,13.5,10.0,9,9.5,1.66,3.9,4.8,no,no,no,no,no,no,no,,,,
35,2/10/24 15:00,Queens Park Rangers VS. Norwich City,England Championship,1.6205244,1.2223594,4.723093,4.1044216,8.8275146,4,4.5,4,4.5,3,4,8.0,7.5,8.5,7.0,9,10.5,2.7,3.25,2.6,no,no,si,no,no,no,no,8.5,,,
36,2/10/24 15:00,Derby County VS. Shrewsbury Town,England League 1,1.6611427,1.2538655,5.008323,3.266331,8.274654,7,5,11,4,5,4,11.0,10,15.0,9.0,9,10.5,1.37,4.5,7.5,no,no,no,no,no,no,no,,,,
37,2/10/24 15:00,Sunderland VS. Plymouth Argyle,England Championship,1.6765751,1.0954902,6.2222223,3.6167986,9.8390209,5,0,8.5,2,3.5,6,11.0,3.5,10.5,2.0,10,10.5,1.5,4.4,5.75,no,no,si,no,no,no,no,8.5,,,
38,2/10/24 15:00,Watford VS. Leicester City,England Championship,1.2055174,1.3431882,6.1843004,3.8122787,9.9965791,7,7,8,6,3,2.5,9.5,10,14.0,9.5,8,10.5,4.35,3.95,1.72,no,no,no,no,no,no,no,,,,
39,2/10/24 15:00,Southampton VS. Huddersfield Town,England Championship,1.5121822,1.1379392,6.251959,3.1729832,9.4249422,7,12,9,6.5,4,3,10.0,16,15.5,10.0,11,11.5,1.28,5.5,10,no,no,no,no,no,no,no,,,,
25,2/10/24 15:00,Dunfermline Athletic VS. Queen's Park,Scotland Championship,1.630636,1.454,5.714676,3.7167199,9.43,10,10,3.5,4,6,2,12.0,16.00,7.5,5.5,8,10.5,2.6,3.55,2.38,no,no,no,si,no,no,no,8.5,3,under,
42,2/10/24 15:00,Blackburn Rovers VS. Stoke City,England Championship,1.7485218,1.0675759,6.0246024,4.052636,10.0772384,5,6,7,3.5,6.5,6,11.0,12.5,10.5,8.5,12,10.5,2.4,3.55,2.75,no,si,no,no,no,no,no,8.5,,,
43,2/10/24 15:00,Blackpool VS. Oxford United,England League 1,1.7177378,1.1814628,5.407838,3.515082,8.92292,6,8,4,4,7,7,13.0,15,8.0,8.0,10,9.5,1.8,3.55,4,no,si,no,no,no,no,no,7.5,,,
44,2/10/24 15:00,Wycombe Wanderers VS. Peterborough United,England League 1,1.6798868,1.6289936,4.7681456,3.5723743,8.3405199,4.5,7,4,6,9,5.5,10.0,16,10.0,9.5,11,10.5,3.1,3.4,2.14,si,no,no,no,no,no,no,8.5,,,
45,2/10/24 15:00,Middlesbrough VS. Bristol City,England Championship,1.5785284,1.1690601,5.0739417,3.0665977,8.1405394,6,7,7.5,5.5,5,3.5,9.5,12,13.0,9.5,9,10.5,1.7,3.75,4.8,no,no,no,no,no,no,no,,,,
26,2/10/24 15:00,Bristol Rovers VS. Burton Albion,England League 1,1.6177856,1.2068826,5.1420565,3.4162512,8.56,4,4,8.5,2.5,2,2,6.0,6.00,11.0,6.0,8,10.5,1.62,3.85,4.8,no,no,no,si,no,no,no,8.5,6,under,
47,2/10/24 15:00,Carlisle United VS. Portsmouth,England League 1,1.3703312,1.3790997,4.559858,4.4260035,8.9858615,7,4,8,9,7,6,13.0,11,17.0,10.0,9,10.5,5.3,3.85,1.57,no,no,no,no,no,no,no,,,,
48,2/10/24 15:00,Barnsley VS. Leyton Orient,England League 1,1.3947886,1.2433715,4.99593,4.2023244,9.1982544,3,7,7,6,4.5,6,9.0,11.5,13.0,7.5,10,9.5,2.08,3.4,3.15,no,si,no,no,no,no,no,7.5,,,
50,2/10/24 15:00,Lincoln City VS. Fleetwood Town,England League 1,1.5846387,1.2070861,3.6765294,4.394341,8.0708704,2.5,3,5,4,3,6,8.5,6,9.0,5.5,11,10.5,1.92,3.2,3.9,no,si,no,no,no,no,no,8.5,,,
51,2/10/24 15:00,Port Vale VS. Stevenage,England League 1,1.5899023,1.062755,5.2039,5.675506,10.879406,5,12,8,5,4,5,10.0,16,13.0,9.0,7,10.5,3.55,3.25,2,no,no,no,no,no,no,no,,,,
40,2/10/24 15:00,Cardiff City VS. Preston North End,England Championship,1.3703312,1.2950153,5.4014916,3.7988849,9.20,4,4.5,5,3,3.5,3,7.0,8.00,8.0,7.0,8,9.5,2.25,3.15,3.25,no,no,no,si,no,no,no,7.5,4,under,
46,2/10/24 15:00,Wigan Athletic VS. Exeter City,England League 1,1.5306014,0.9155584,4.948577,4.217129,9.17,6,6,4,5,3,4,10.0,9.0,9.0,7.0,9,10.5,2.04,3.15,3.55,no,no,no,si,no,no,no,8.5,17,over,
20,2/10/24 15:00,Cambridge United VS. Cheltenham Town,England League 1,1.4806744,1.2068826,5.030739,4.0927505,9.12,5,4,5,5.5,5.5,4,9.0,9.50,10.5,8.0,8,9.5,2.14,3.25,3.25,no,no,no,si,no,no,no,7.5,7,under,
53,2/10/24 15:15,Real Sociedad VS. CA Osasuna,Spain Primera Liga,1.420638,1.0527991,4.336253,3.5715787,7.91,2,4,8,2,4,3.5,5.5,8.00,10.0,4.0,7,8.5,1.8,3.1,5.3,no,no,no,si,no,no,no,6.5,11,over,
52,2/10/24 15:15,SD Amorebieta VS. Elche CF,Spain Segunda,1.3104175,1.0527991,3.6818435,4.3555336,8.04,3,3,6,3,5,3,6.0,8.00,9.0,6.0,8,9.5,3.6,2.95,2.07,no,no,no,si,no,no,no,7.5,5,under,
54,2/10/24 15:15,CD Eldense VS. SD Huesca,Spain Segunda,1.6176358,1.1561484,4.513345,3.1968045,7.7101495,6.5,7,6,4,1,3,9.5,8,10.0,7.0,8,9.5,2.05,2.75,4,no,no,si,no,no,no,no,7.5,,,
55,2/10/24 15:30,Benfica II VS. LeixÃƒÂµes,Portugal LigaPro,1.4775361,1.2313209,5.800733,3.7038732,9.50,4,7,4,4,2,7,11.0,9.00,8.0,6.0,8,10.5,1.79,3.4,4.1,no,no,no,si,no,no,no,8.5,9,over,
56,2/10/24 15:30,Cambuur VS. VVV,Netherlands Eerste Divisie,1.4159728,1.1151618,7.3147593,4.546038,11.8607973,6,9,9,5,4.5,5.5,11.5,13.5,14.0,10.5,9,10.5,1.64,4.1,4.1,no,no,no,no,no,no,no,,,,
57,2/10/24 15:30,Farense VS. FamalicÃƒÂ£o,Portugal Primeira Liga,1.5234058,1.1728947,4.0536337,5.8395734,9.89,6.5,10,3,3.5,4.5,3,9.5,14.50,6.5,6.0,8,10.5,2.48,3.2,2.63,no,no,no,si,no,no,no,8.5,13,over,
59,2/10/24 16:00,Lens VS. Strasbourg,France League 1,1.71,0.90,5.67,3.24,8.91,4,9.5,7,1,3,4,8.0,12.5,8.0,5.0,8,8.5,1.62,3.8,5.4,no,no,no,no,si,no,no,6.5,9,over,
58,2/10/24 16:00,Galatasaray VS. Ã„Â°stanbul BaÃ…ÂŸakÃ…ÂŸehir,Turkey Super Lig,1.99,1.18,7.78,3.38,11.16,8,0,0,6,4,5,13.0,4,6.0,4.0,9,9.5,1.27,5.3,8,no,no,no,no,si,no,no,7.5,10,under,
60,2/10/24 17:00,Roma VS. Inter Milan,Italy Serie A,1.42,1.22,5.39,3.65,9.04,7,6,3,4,1,0,7.0,7,7.0,3.0,7,8.5,4.25,3.45,1.87,no,no,no,no,si,no,no,6.5,11,over,
61,2/10/24 17:15,Union Saint-Gilloise VS. KVC Westerlo,Belgium First Division,2.02,1.22,7.29,4.94,12.22,6,8,7,4,3.5,1.5,7.5,11.5,11.0,7.5,9,11.5,1.25,5.5,9,no,no,no,no,si,no,no,9.5,8,under,
64,2/10/24 17:30,Real Madrid VS. Girona FC,Spain Primera Liga,1.84,1.14,7.88,3.57,11.45,6,6.5,0,5,3,0,6.0,9.5,5.0,0.0,9,10.5,1.4,5.1,6.75,no,no,no,no,si,no,no,8.5,2,under,
63,2/10/24 17:30,Bayer Leverkusen VS. Bayern MÃƒÂ¼nchen,Germany Bundesliga 1,2.22,1.08,7.72,3.04,10.76,7,12,0,6,1,9,16.0,13,6.0,1.0,8,9.5,2.43,3.85,2.55,no,no,no,no,si,no,no,7.5,10,over,
62,2/10/24 17:30,Sporting GijÃƒÂ³n VS. Real Oviedo,Spain Segunda,1.34,0.82,5.36,3.30,8.66,6,5,2,5.5,5,3,9.0,10,7.5,5.0,8,8.5,2.12,3.05,3.35,no,no,no,no,si,no,no,6.5,9,over,
65,2/10/24 17:30,Nottingham Forest VS. Newcastle United,English Premier League,1.5394256,1.2344115,4.1371765,4.795159,8.9323355,4,4,6,6,4.5,3,7.0,8.5,12.0,7.0,10,9.5,3.3,3.7,2.04,no,si,no,no,no,no,no,7.5,,,
66,2/10/24 17:45,Excelsior VS. Twente,Netherlands Eredivisie,1.49,1.13,4.07,5.97,10.04,4,3.5,2,6,4,5.5,9.5,7.5,8.0,6.0,8,9.5,6.1,4.5,1.48,no,no,no,no,si,no,no,7.5,5,under,
67,2/10/24 18:00,Moreirense FC VS. GD Chaves,Portugal Primeira Liga,1.3296478,1.1234876,4.4499974,3.7879443,8.2379417,5.5,4,4,3,5,4,9.5,9,7.0,7.0,10,10.5,1.64,3.5,4.9,no,no,si,no,no,no,no,8.5,,,
68,2/10/24 19:00,Almere City VS. AZ,Netherlands Eredivisie,1.51,1.09,5.74,4.26,10.00,6,4,5.5,7.5,5,1.5,7.5,9,13.0,5.5,8,9.5,5.1,4.1,1.6,no,no,no,no,si,no,no,7.5,11,over,
69,2/10/24 19:30,Kaiserslautern VS. Paderborn,Germany Bundesliga 2,1.5167912,1.680222,4.2639313,3.8722947,8.136226,4,3,7.5,3.5,6,5.5,9.5,9,11.0,6.5,11,10.5,2.18,3.55,2.9,no,si,no,no,no,no,no,8.5,,,
71,2/10/24 19:45,Club Brugge VS. AS Eupen,Belgium First Division,2.01,0.97,6.49,4.49,10.98,4,10,0,4,1,3,7.0,11,4.0,1.0,7,10.5,1.22,6.5,8.5,no,no,no,no,si,no,no,8.5,11,over,
70,2/10/24 19:45,Sassuolo VS. Torino,Italy Serie A,1.2992954,0.99155664,4.4556947,4.621871,9.0775657,6,8.5,5,2,4,2,8.0,12.5,7.0,7.0,7,8.5,3.35,3.35,2.16,no,no,no,no,si,no,no,6.5,9,over,
74,2/10/24 20:00,Melgar VS. Alianza AtlÃƒÂ©tico,Liga 1 Peru,1.86,0.86,5.96,3.73,9.69,4,4.5,8,6,3,2,6.0,7.5,14.0,6.0,7,9.5,1.3,5.25,9,no,no,no,no,si,no,no,7.5,11,over,
76,2/10/24 20:00,Heracles VS. Vitesse,Netherlands Eredivisie,2.6590605,1.0636028,4.851563,4.4515605,9.30,5,7.5,3,6,0,4,9.0,7.5,9.0,3.0,9,9.5,2.02,3.65,3.4,no,no,no,si,no,no,no,7.5,14,over,
73,2/10/24 20:00,UD Las Palmas VS. Valencia CF,Spain Primera Liga,1.7660466,1.005656,4.689446,3.702756,8.39,4,4,5,1,4,2.5,6.5,8.00,6.0,5.0,7,8.5,2.55,2.95,3,no,no,no,si,no,no,no,6.5,5,,
75,2/10/24 20:00,Racing Santander VS. RCD Espanyol,Spain Segunda,1.5593956,1.0144311,4.8902297,4.340132,9.23,4,9,5,3,3,7,11.0,12.0,8.0,7.0,9,9.5,2.45,3.05,2.75,no,no,no,si,no,no,no,7.5,10,under,
72,2/10/24 20:00,PSG VS. Lille,France League 1,1.73,1.19,7.05,2.67,9.73,5,8,4,5.5,4,6.5,11.5,12,9.5,8.0,9,9.5,1.6,4.2,5.1,no,no,no,no,si,no,no,7.5,14,over,
77,2/10/24 20:30,Boavista FC VS. GD Estoril Praia,Portugal Primeira Liga,1.6741713,1.5862682,4.866515,4.576417,9.442932,3,4.5,8.5,6,6.5,6,9.0,11,14.5,9.0,10,10.5,2.35,3.15,2.8,no,no,si,no,no,no,no,8.5,,,
78,2/10/24 23:00,Necaxa VS. Toluca,Liga MX,1.4546565,0.9581816,4.945583,4.3555503,9.30,7,5,3.5,4,3,5,12.0,8.0,7.5,6.5,9,9.5,3.35,3.5,2.04,no,no,no,si,no,no,no,7.5,8,over,
79,2/10/24 23:05,Guadalajara VS. JuÃƒÂ¡rez,Liga MX,2.0217083,1.4022133,5.7482357,4.294661,10.04,5,10.5,9,3.5,4,3,8.0,14.50,12.5,8.0,10,10.5,1.58,4.1,5,no,no,no,si,no,no,no,8.5,6,under,
81,2/11/24 1:00,LeÃƒÂ³n VS. AmÃƒÂ©rica,Liga MX,1.2280198,1.1879028,6.429601,4.0380025,10.4676035,6,8,12.5,4,6,0,6.0,14,16.5,6.0,11,10.5,2.75,3.4,2.38,no,si,no,no,no,no,no,8.5,,,
80,2/11/24 1:00,Alianza Lima VS. Universitario,Liga 1 Peru,1.1766576,0.6875237,5.479378,3.4054089,8.88,5,3,0,5,4,5.5,10.5,7.00,5.0,4.0,7,9.5,2.35,2.95,3.25,no,no,no,si,no,no,no,7.5,8,under,
82,2/11/24 1:05,Cruz Azul VS. AtlÃƒÂ©tico San Luis,Liga MX,1.77,1.19,6.69,4.04,10.73,7.5,4,6.5,4.5,0,4.5,12.0,4,11.0,4.0,9,9.5,1.64,4.1,4.5,no,no,no,no,si,no,no,7.5,8,under,
0,2/11/24 3:10,Monterrey VS. Pachuca,Liga MX,1.2812842,1.0302379,5.747297,3.4732573,9.22,7,9.5,5,4,1,4.5,11.5,10.50,9.0,6.0,8,9.5,1.72,4.1,3.95,no,no,no,si,no,no,no,7.5,7,under,
1,2/11/24 3:10,Santos Laguna VS. Tigres UANL,Liga MX,1.7301617,0.98342,4.9765816,4.2273736,9.20,5,2,7.5,4,7.5,3,8.0,9.50,11.5,5.0,8,10.5,3.05,3.45,2.2,no,no,no,si,no,no,no,8.5,10,,
85,2/11/24 6:00,Western Sydney Wanderers VS. Newcastle Jets FC,A-League (Australia),1.9941317,1.1237073,6.2108674,3.6976087,9.9084761,4.5,16,6,3.5,5.5,6,10.5,21.5,9.5,8.0,10,11.5,1.58,4.2,4.5,no,no,si,no,no,no,no,9.5,,,
2,2/11/24 6:00,Western Sydney Wanderers VS. Newcastle Jets FC,A-League (Australia),1.6602149,1.2393696,6.1603527,3.2632852,9.42,4.5,16,6,3.5,5.5,6,10.5,21.5,9.5,8.0,10,11.5,1.58,4.2,4.5,no,no,si,no,no,no,no,9.5,,,
3,2/11/24 10:30,Sivasspor VS. Rizespor,Turkey Super Lig,1.399873,0.91315204,4.8826833,4.567538,9.45,6,4,6,3,4,4.5,10.5,8.00,9.0,7.0,8,9.5,2.28,3.35,2.75,no,no,no,si,no,no,no,7.5,6,under,
4,2/11/24 11:00,AVS VS. UniÃ£o de Leiria,Portugal LigaPro,1.4494648,0.88354456,6.4782543,4.5199337,11.00,6,6,11,4,10,6.5,12.5,16.0,15.0,10.0,11,10.5,2.06,3.1,3.45,no,no,no,no,no,no,no,,,,
5,2/11/24 11:15,ADO Den Haag VS. Den Bosch,Netherlands Eerste Divisie,1.9064108,0.7745097,4.880923,3.8636587,8.74,5,4,6,3,5,2,7.0,9.0,9.0,6.0,9,10.5,1.3,5.1,7.5,no,no,si,no,no,no,no,8.5,,,
6,2/11/24 11:15,Go Ahead Eagles VS. PEC Zwolle,Netherlands Eredivisie,1.4842969,1.1199499,5.417114,4.526813,9.94,4,6,6,4,2,2,6.0,8.0,10.0,6.0,11,9.5,1.71,4.1,4.25,no,no,no,no,no,no,no,,,,
7,2/11/24 11:30,Fiorentina VS. Frosinone,Italy Serie A,1.7782066,1.0567385,4.8900743,2.9205918,7.81,3,3.5,9,0,6,4,7.0,9.50,9.0,3.0,7,9.5,1.47,4.4,6.5,no,no,no,si,no,no,no,7.5,7,under,
8,2/11/24 12:00,Coventry City VS. Millwall,England Championship,1.200712,1.2253561,4.6312075,3.279032,7.91,7,8,5,4.5,2,3,10.0,10.0,9.5,7.0,8,10.5,1.77,3.6,4.5,no,no,si,no,no,no,no,8.5,,,
9,2/11/24 12:00,Le Havre VS. Rennes,France League 1,1.55,1.10,4.59,4.88,9.47,2.5,2.5,6,3.5,4.5,6,8.5,7.0,9.5,6.0,8,8.5,3.45,3.25,2.14,no,no,no,no,si,no,no,6.5,6,under,
12,2/11/24 12:30,RWDM VS. Royal Antwerp FC,Belgium First Division,1.5923295,0.8449491,4.494491,4.7462063,9.24,5,4,2,4,7,3,8.0,11.00,6.0,5.0,8,9.5,4.9,4.1,1.56,no,no,no,si,no,no,no,7.5,3,under,
10,2/11/24 12:30,Greuther FÃ¼rth VS. Hertha BSC,Germany Bundesliga 2,1.7592684,1.3054905,5.872106,5.019311,10.89,8,4.5,9,5,3,5,13.0,7.5,14.0,7.5,11,10.5,1.9,3.8,3.35,no,no,no,no,no,no,no,,,,
11,2/11/24 12:30,Holstein Kiel VS. Schalke 04,Germany Bundesliga 2,1.7413316,1.2084137,5.615079,3.6129272,9.23,7,11,6,5.5,7,4,11.0,18.0,11.5,10.0,9,10.5,2.23,3.65,2.75,no,no,no,no,no,no,si,,,,
13,2/11/24 12:30,OsnabrÃ¼ck VS. Hansa Rostock,Germany Bundesliga 2,1.6245664,0.9401506,4.529703,5.25278,9.78,13,7.5,4,2,5,5,18.0,12.5,6.0,6.0,13,10.5,2.23,3.45,2.88,no,si,no,no,no,no,no,8.5,,,
14,2/11/24 13:00,Ä°stanbulspor VS. GaziÅ,Turkey Super Lig,1.5309815,1.7168833,3.8158858,4.885904,8.70,5,4,3,2,5,3,8.0,9.0,5.0,5.0,9,9.5,2.7,3.2,2.4,no,no,si,no,no,no,no,7.5,,,
15,2/11/24 13:00,Konyaspor VS. AnkaragÃ¼cÃ¼,Turkey Super Lig,1.4541723,1.2043524,4.4383945,3.2903388,7.73,2,5,2,3.5,3,4,6.0,8.00,5.5,5.0,7,8.5,2.5,3,2.75,no,no,no,si,no,no,no,6.5,6,under,
16,2/11/24 13:00,Villarreal II VS. CD Tenerife,Spain Segunda,1.2297773,1.4227816,4.4631624,4.0715923,8.53,3,4.5,8,2,4,4,7.0,8.5,10.0,5.0,9,8.5,2.75,2.85,2.6,no,no,no,no,no,no,no,,,,
17,2/11/24 13:00,Getafe CF VS. Celta de Vigo,Spain Primera Liga,1.668592,1.1428969,3.7637804,3.6447837,7.41,5,4,2,3,4,3,8.0,8.0,5.0,5.0,8,8.5,2.14,3.1,3.65,no,no,si,no,no,no,no,6.5,,,
18,2/11/24 13:30,Heerenveen VS. Ajax,Netherlands Eredivisie,2.175699,2.0852,7.1211834,3.4161649,10.54,7,5.5,6,8,7,5,12.0,12.5,14.0,10.5,11,9.5,4.2,4.4,1.67,no,no,no,no,no,no,no,,,,
20,2/11/24 13:30,Groningen VS. Oss,Netherlands Eerste Divisie,1.6344552,0.9085068,6.9159145,3.6211314,10.54,8,8,11.5,3,3.5,3,11.0,11.5,14.5,11.0,10,10.5,1.2,5.8,10.5,no,no,no,no,no,no,no,,,,
19,2/11/24 13:30,Utrecht VS. Fortuna Sittard,Netherlands Eredivisie,1.8537745,1.2928709,5.1321273,3.979142,9.11,7.5,7,5,2,3,4,11.5,10.00,7.0,7.0,7,9.5,1.66,3.85,5,no,no,no,si,no,no,no,7.5,9,under,
21,2/11/24 14:00,West Ham United VS. Arsenal,English Premier League,1.27,1.16,4.67,5.30,9.97,6,2,4,8,6,4,10.0,8.0,12.0,6.0,7,9.5,6,4.3,1.5,no,no,no,no,si,no,no,7.5,8,over,
23,2/11/24 14:00,Toulouse VS. Nantes,France League 1,1.46,1.29,5.79,4.15,9.94,4,4,4,7,2,4.5,8.5,6.0,11.0,6.0,9,9.5,2.18,3.35,3.3,no,no,no,no,si,no,no,7.5,12,over,
27,2/11/24 14:00,Monza VS. Hellas Verona,Italy Serie A,1.5922924,0.97684294,4.5463853,3.9065232,8.45,5,8.5,4,4,2,2,7.0,10.50,8.0,6.0,7,8.5,2.06,3.25,3.75,no,no,no,si,no,no,no,6.5,7,,
24,2/11/24 14:00,Lorient VS. Reims,France League 1,1.4741079,1.0654621,3.631045,6.9384437,10.57,5.5,1,5.5,4.5,4,7.5,13.0,5.0,10.0,5.0,10,9.5,3.6,3.5,2,no,no,no,no,no,si,no,,,,
22,2/11/24 14:00,Bologna VS. Lecce,Italy Serie A,1.29,0.82,5.72,3.48,9.19,3,8,3,0,3,3.5,6.5,11.0,3.0,3.0,8,8.5,1.67,3.6,5.4,no,no,no,no,si,no,no,6.5,7,over,
26,2/11/24 14:00,Dundee VS. St. Johnstone,Scotland Premiership,1.0735979,1.1999035,3.5124497,4.6875505,8.20,5,7,6.5,4,2.5,4.5,9.5,9.5,10.5,7.5,9,10.5,1.96,3.15,3.7,no,no,si,no,no,no,no,8.5,,,
25,2/11/24 14:00,PaÃ§os de Ferreira VS. CS MarÃ,Portugal LigaPro,1.7871151,1.1360928,5.419792,4.8780055,10.30,4,4.5,9,5.5,0,4,8.0,4.5,14.5,4.0,9,10.5,2.55,3.05,2.65,no,no,no,si,no,no,no,8.5,11,over,
28,2/11/24 14:00,Clermont VS. Brest,France League 1,0.9587269,1.3427491,5.068445,4.060465,9.13,5,5,5,3,2,5,10.0,7.00,8.0,7.0,8,9.5,3.7,3.35,2.04,no,no,no,si,no,no,no,7.5,6,under,
29,2/11/24 14:30,Stuttgart VS. Mainz 05,Germany Bundesliga 1,1.59,0.82,5.78,3.15,8.94,5,8,6,0,4.5,2.5,7.5,12.5,6.0,5.0,7,8.5,1.4,4.7,7.5,no,no,no,no,si,no,no,6.5,9,over,
30,2/11/24 15:00,KV Mechelen VS. KRC Genk,Belgium First Division,1.678671,1.4328727,4.8079033,4.4204054,9.23,6,5,6.5,5,7,6.5,12.5,12.0,11.5,10.0,9,10.5,3.25,3.55,1.98,no,no,no,no,no,no,si,,,,
32,2/11/24 15:15,FC Cartagena VS. MirandÃ©s,Spain Segunda,1.31,1.34,3.91,4.70,8.60,6,2,5,1.5,4,4,10.0,6.0,6.5,3.5,8,8.5,2.2,2.95,3.25,no,no,no,no,si,no,no,6.5,9,over,
31,2/11/24 15:15,AD AlcorcÃ³n VS. FC Andorra,Spain Segunda,0.95,0.57,4.58,4.51,9.08,2.5,4,4,2,3,3,5.5,7.0,6.0,4.5,7,8.5,2.43,2.9,2.9,no,no,no,no,si,no,no,6.5,10,over,
33,2/11/24 15:15,RCD Mallorca VS. Rayo Vallecano,Spain Primera Liga,1.3929541,0.92024696,4.708542,3.9185836,8.63,5,7,5.5,4,2,2.5,7.5,9.0,9.5,7.0,9,8.5,2.3,2.95,3.45,no,no,no,no,no,no,no,,,,
36,2/11/24 15:30,Rio Ave FC VS. Casa Pia,Portugal Primeira Liga,1.9301081,1.1572963,4.5063496,4.0434895,8.55,3,7,4,4.5,3,3,6.0,10.00,8.5,6.0,8,9.5,1.97,3.05,3.8,no,no,no,si,no,no,no,7.5,8,under,
34,2/11/24 15:30,CF Os Belenenses VS. CD Tondela,Portugal LigaPro,1.08,1.41,4.64,6.35,10.99,4.5,5,9,4,2,7,11.5,7.0,13.0,6.5,9,10.5,3.3,3.2,2.06,no,no,no,no,si,no,no,8.5,12,over,
35,2/11/24 15:30,Porto II VS. CD Mafra,Portugal LigaPro,1.4068869,1.1360928,5.020428,3.3671575,8.39,2,4.5,8.5,1.5,5.5,5.5,7.5,10.0,10.0,3.5,10,10.5,2.02,3.4,3.25,no,no,si,no,no,no,no,8.5,,,
37,2/11/24 15:45,Volendam VS. PSV,Netherlands Eredivisie,1.2058194,1.9604567,3.553369,6.015047,9.57,7,5,4,7,4,0,7.0,9.0,11.0,4.0,9,10.5,26,11,1.07,no,no,no,si,no,no,no,8.5,11,over,
38,2/11/24 16:00,FenerbahÃ§e VS. Alanyaspor,Turkey Super Lig,1.8392149,0.8440667,5.7122164,2.6738522,8.39,7,5,10,6,4.5,4,11.0,9.5,16.0,9.0,8,9.5,1.17,6.75,10.5,no,no,no,no,no,no,si,,,,
39,2/11/24 16:05,Montpellier VS. Olympique Lyonnais,France League 1,1.48,1.04,4.63,6.28,10.91,3,4,7,5,2,5.5,8.5,6.0,12.0,5.0,9,9.5,3,3.3,2.35,no,no,no,no,si,no,no,7.5,6,over,
41,2/11/24 16:30,Hoffenheim VS. KÃ¶ln,Germany Bundesliga 1,1.678671,0.9579574,5.6487885,3.7608533,9.41,3.5,8,4,6,3,3.5,7.0,11.0,10.0,6.5,9,9.5,1.77,3.95,4,no,no,no,si,no,no,no,7.5,13,over,
40,2/11/24 16:30,Aston Villa VS. Manchester United,English Premier League,1.375294,0.87617075,6.710876,3.1415646,9.85,6,9,8,5,0,4,10.0,9.00,13.0,6.0,8,10.5,2.32,3.55,2.88,no,no,no,si,no,no,no,8.5,18,over,
42,2/11/24 17:00,Genoa VS. Atalanta,Italy Serie A,1.3456566,1.0250337,4.0733223,4.3570013,8.43,4.5,6,3,6,6,5,9.5,12.0,9.0,8.0,9,8.5,3.9,3.25,2.02,no,si,no,no,no,no,no,6.5,,,
45,2/11/24 17:30,SD Eibar VS. Real Zaragoza,Spain Segunda,1.5082862,0.94145054,5.145198,3.14803,8.29,4,5.5,8,3,2,5,9.0,7.50,11.0,6.0,8,9.5,1.82,3.2,4.25,no,no,no,si,no,no,no,7.5,8,under,
43,2/11/24 17:30,Sporting Charleroi VS. RSC Anderlecht,Belgium First Division,1.79,1.54,5.42,4.48,9.90,5,3,3,1.5,3.5,5.5,10.5,6.5,4.5,4.5,9,9.5,3.6,3.4,1.92,no,no,no,no,si,no,no,7.5,7,under,
44,2/11/24 17:30,Sevilla FC VS. AtlÃ©tico Madrid,Spain Primera Liga,1.25,0.96,7.03,4.81,11.84,8,8,5,2.5,7.5,7,15.0,15.5,7.5,7.5,9,9.5,3.55,3.5,2,no,no,no,no,si,no,no,7.5,9,under,
47,2/11/24 18:00,Pumas UNAM VS. Puebla,Liga MX,1.5433059,0.9779907,4.559591,4.1968303,8.76,5,11,2.5,4,3,5,10.0,14.00,6.5,5.5,8,9.5,1.66,3.9,4.6,no,no,no,si,no,no,no,7.5,8,under,
46,2/11/24 18:00,Sporting CP VS. Sporting Braga,Portugal Primeira Liga,2.26,0.97,6.48,3.10,9.58,5,0,0,6,9,4.5,9.5,9.0,6.0,4.5,7,9.5,1.44,4.4,5.6,no,no,no,no,si,no,no,7.5,10,over,
48,2/11/24 18:15,KAA Gent VS. Cercle Brugge,Belgium First Division,1.7093484,1.2916863,6.5670896,4.2703805,10.84,6,5,8,4.5,4,6.5,12.5,9.0,12.5,9.0,10,9.5,2.05,3.7,3,no,no,no,no,no,si,no,,,,
49,2/11/24 19:00,Feyenoord VS. Sparta Rotterdam,Netherlands Eredivisie,1.3491164,1.1077825,9.148419,2.4840543,11.63,8.5,9,10,3,4.5,7,15.5,13.5,13.0,11.5,9,10.5,1.12,8.5,20,no,no,no,no,no,no,no,,,,
50,2/11/24 19:45,Nice VS. Monaco,France League 1,1.50,0.98,5.35,3.18,8.53,5,6,0,5,5,9,14.0,11.0,5.0,5.0,7,8.5,2.3,3.2,3.15,no,no,no,no,si,no,no,6.5,10,under,
51,2/11/24 19:45,AC Milan VS. Napoli,Italy Serie A,1.25,0.69,5.72,5.36,11.08,4,4,8.5,7,3,5,9.0,7.0,15.5,7.0,9,9.5,1.97,3.5,3.75,no,no,no,no,si,no,no,7.5,3,under,
52,2/11/24 20:00,Burgos CF VS. Racing Club de Ferrol,Spain Segunda,1.1496694,0.9109486,3.9969072,4.187758,8.18,5,3.5,0,4,2,3.5,8.5,5.50,4.0,2.0,7,9.5,2.02,3.05,3.6,no,no,no,si,no,no,no,7.5,10,over,
53,2/11/24 20:00,FC Barcelona VS. Granada CF,Spain Primera Liga,1.554133,1.2364205,6.6971703,2.7152174,9.41,6,0,8,0,5,2,8.0,5.00,8.0,0.0,7,9.5,1.2,6.5,13,no,no,no,si,no,no,no,7.5,8,under,
54,2/11/24 20:30,VitÃ³ria GuimarÃ£es VS. Benfica,Portugal Primeira Liga,1.4155989,1.6751603,4.648844,2.9309554,7.58,4,0,10,4,7,3,7.0,7.0,14.0,3.0,8,10.5,5.25,3.95,1.52,no,no,si,no,no,no,no,8.5,,,
55,2/11/24 23:00,Sport Huancayo VS. Real Garcilaso,Liga 1 Peru,1.4388126,0.7856811,6.639013,3.0636063,9.70,6,10,6,7,2,6,12.0,12.0,13.0,8.0,9,10.5,1.64,3.85,4.95,no,no,no,si,no,no,no,8.5,9,over,
56,2/12/24 14:00,Trabzonspor VS. Hatayspor,Turkey Super Lig,1.5930407,1.3824211,5.387588,3.8964438,9.28,5.5,5,8,2.5,4,5.5,11.0,9.0,10.5,7.5,10,9.5,1.68,3.45,4.7,no,si,no,no,no,no,no,7.5,,,
57,2/12/24 17:00,Kayserispor VS. BeÅ,Turkey Super Lig,1.3933662,1.3485192,5.593673,4.074421,9.67,4,7.5,5,5,5,6,10.0,12.5,10.0,9.0,11,9.5,3.4,3.45,1.94,no,no,no,no,no,no,no,,,,
58,2/12/24 17:00,Samsunspor VS. Antalyaspor,Turkey Super Lig,1.4274151,1.0699624,4.5251637,4.509048,9.03,4,6,6.5,7,4.5,7,11.0,10.5,13.5,8.5,9,9.5,2.35,3.15,2.8,no,no,no,si,no,no,no,7.5,5,under,
59,2/12/24 18:00,Santa Clara VS. CD Feirense,Portugal LigaPro,1.3960534,1.1572963,5.381348,4.689841,10.07,2,8,3,7,4.5,4,6.0,12.50,10.0,6.0,7,10.5,1.53,3.65,5.8,no,no,no,si,no,no,no,8.5,11,,
60,2/12/24 19:00,Ajax II VS. MVV,Netherlands Eerste Divisie,1.22,0.90,5.61,4.72,10.33,4,3.5,1.5,4,4,2,6.0,7.5,5.5,3.5,9,9.5,1.93,3.85,3.15,no,no,no,no,si,no,no,7.5,11,over,
61,2/12/24 19:00,Utrecht II VS. AZ II,Netherlands Eerste Divisie,1.8681672,1.4676245,3.7627888,4.5106125,8.27,5,4,4.5,3.5,5,6,11.0,9.0,8.0,7.5,9,9.5,2.48,3.25,2.55,no,no,si,no,no,no,no,7.5,,,
62,2/12/24 19:30,AtlÃ©tico Grau VS. UniÃ³n Comercio,Liga 1 Peru,1.57,1.04,7.27,2.91,10.18,6,6,4,3,2,2,8.0,8.0,7.0,6.0,7,9.5,1.7,3.75,4.6,no,no,no,no,si,no,no,7.5,10,over,
63,2/12/24 19:30,Real Valladolid VS. Albacete BalompiÃ©,Spain Segunda,1.5724959,0.9989495,5.832908,3.0210261,8.85,6,5,8.5,1,7,5,11.0,12.00,9.5,6.0,8,9.5,1.8,3.3,4.1,no,no,no,si,no,no,no,7.5,7,under,
64,2/12/24 19:45,Juventus VS. Udinese,Italy Serie A,1.5518202,1.1494823,5.0568337,3.8272135,8.88,5,6,0,5,4.5,2.5,7.5,10.50,5.0,2.5,8,9.5,1.37,4.6,9,no,no,no,si,no,no,no,7.5,12,over,
65,2/12/24 20:00,AlmerÃ,Spain Primera Liga,1.1715206,0.9239301,5.702616,3.336034,9.04,0,4,5.5,3.5,7,7,7.0,11.00,9.0,3.5,8,9.5,5,3.95,1.64,no,no,no,si,no,no,no,7.5,14,over,
66,2/12/24 20:00,Crystal Palace VS. Chelsea,English Premier League,1.3900814,1.3427491,3.7872381,4.436238,8.22,7,3,6,2.5,7,5,12.0,10.0,8.5,5.5,10,9.5,4.5,3.8,1.73,no,si,no,no,no,no,no,7.5,,,
67,2/12/24 20:15,FC Arouca VS. Porto,Portugal Primeira Liga,1.2225298,1.2742604,4.751246,4.590972,9.34,2,10.5,3,6,6,3.5,5.5,16.50,9.0,5.5,8,9.5,6,4.35,1.43,no,no,no,si,no,no,no,7.5,10,over,
0,2/13/24 15:30,Gil Vicente VS. FC Vizela,Portugal Primeira Liga,1.61,0.98,4.37,5.14,9.51,4,5,1,6,3.5,2.5,6.5,8.5,7.0,3.5,9,9.5,1.98,3.4,3.4,no,no,no,no,si,no,no,7.5,11,over,
9,2/13/24 19:45,Leyton Orient VS. Northampton Town,England League 1,1.9711403,1.0458319,5.30841,3.355956,8.66,6.5,5,4,4,2,2,8.5,7.00,8.0,6.0,8,9.5,1.66,3.55,4.9,no,no,no,si,no,no,no,7.5,10,under,
3,2/13/24 19:45,Kelty Hearts VS. Edinburgh City,Scotland League One,1.9897889,0.9308658,4.689986,4.487055,9.18,5,6,3,0,2.5,2,7.0,8.50,3.0,3.0,8,9.5,1.06,10,18,no,no,no,si,no,no,no,7.5,8,under,
7,2/13/24 19:45,Oxford United VS. Wigan Athletic,England League 1,1.2397722,1.3067235,5.387574,4.091194,9.48,5,5,2,1.5,5,3,8.0,10.00,3.5,3.5,7,9.5,1.86,3.45,3.85,no,no,no,si,no,no,no,7.5,7,under,
2,2/13/24 19:45,Alloa Athletic VS. Annan Athletic,Scotland League One,1.7404292,1.666623,4.644324,4.252742,8.90,5,7,3,6,3.5,1.5,6.5,10.50,9.0,4.5,8,9.5,1.94,3.7,3.2,no,no,no,si,no,no,no,7.5,11,over,
1,2/13/24 19:45,Birmingham City VS. Blackburn Rovers,England Championship,2.1851273,1.596165,3.9173431,4.3753567,8.29,6,4.5,5,3,9,4,10.0,13.5,8.0,7.5,9,10.5,2.25,3.55,2.95,no,no,si,no,no,no,no,8.5,,over,
4,2/13/24 19:45,Portsmouth VS. Cambridge United,England League 1,2.0629432,1.1887716,5.2042336,4.080277,9.28,6,8,6,4,3.5,5,11.0,11.5,10.0,9.5,9,10.5,1.4,4.4,7,no,no,no,no,no,no,si,,,over,
5,2/13/24 19:45,Stevenage VS. Bristol Rovers,England League 1,1.2484322,0.62933713,5.09182,4.1136575,9.21,6,5,9,5,3.5,5,11.0,8.5,14.0,8.5,10,10.5,1.78,3.45,4.25,no,no,si,no,no,no,no,8.5,,under,
6,2/13/24 19:45,Shrewsbury Town VS. Barnsley,England League 1,1.4603552,1.6498374,3.717183,3.870868,7.59,4,7,5,4,4,8,12.0,11.0,9.0,8.0,10,9.5,3.4,3.45,1.98,si,no,no,no,no,no,no,7.5,,over,
15,2/13/24 19:45,Rotherham United VS. Hull City,England Championship,1.68,1.08,3.61,5.94,9.56,2,4.5,3.5,4.5,1,4,6.0,5.5,8.0,3.0,9,9.5,4.35,3.65,1.79,no,no,no,no,si,no,no,7.5,13,over,
10,2/13/24 19:45,Burton Albion VS. Carlisle United,England League 1,1.7183968,1.0051348,4.1105165,4.492159,8.60,3.5,3.5,5,7,2,4,7.5,5.5,12.0,5.5,9,9.5,2.28,3.05,3.15,no,no,si,no,no,no,no,7.5,,under,
11,2/13/24 19:45,Cheltenham Town VS. Blackpool,England League 1,1.1350298,1.3743353,4.255539,5.4487915,9.70,4.5,6,3,5,5,5,9.5,11.0,8.0,8.0,11,9.5,3.4,3.3,2.04,no,no,no,no,no,no,no,,,under,
12,2/13/24 19:45,Exeter City VS. Derby County,England League 1,1.1633635,1.2744093,6.0403,4.325667,10.37,7,7,6,5,10,6.5,13.5,17.0,11.0,11.0,12,10.5,3.8,3.5,1.86,no,no,no,no,no,no,no,,,under,
13,2/13/24 19:45,Bolton Wanderers VS. Wycombe Wanderers,England League 1,1.244587,0.8487088,6.623773,3.6149945,10.24,5,10,6,3,5,4.5,9.5,15.00,9.0,8.0,10,10.5,1.78,3.5,4.2,no,no,no,si,no,no,no,8.5,8,under,
14,2/13/24 19:45,Charlton Athletic VS. Lincoln City,England League 1,1.2492623,1.5094103,4.8540993,3.9652448,8.82,8,5,7,4,5,2.5,10.5,10.0,11.0,7.5,9,10.5,2.08,3.3,3.25,no,no,si,no,no,no,no,8.5,,over,
18,2/13/24 19:45,Swansea City VS. Leeds United,England Championship,1.08,1.28,5.43,5.30,10.73,3.5,3,4,4,4.5,5,8.5,7.5,8.0,7.0,9,9.5,5.3,4.4,1.54,no,no,no,no,si,no,no,7.5,7,under,
16,2/13/24 19:45,Norwich City VS. Watford,England Championship,1.2195826,1.3236243,5.020113,3.66166,8.68,4,5.5,7,4,4.5,2,6.0,10.0,11.0,6.0,10,10.5,2.12,3.45,3.3,no,no,si,no,no,no,no,8.5,,under,
17,2/13/24 19:45,Leicester City VS. Sheffield Wednesday,England Championship,2.1826947,0.79181784,6.336278,2.5012352,8.84,5,8,7.5,2.5,3,7,12.0,11.0,10.0,7.5,10,10.5,1.28,5.6,9.5,no,no,si,no,no,no,no,8.5,,over,
8,2/13/24 19:45,Peterborough United VS. Port Vale,England League 1,2.338692,1.211788,6.1109123,3.158521,9.27,5,7,6.5,4,3,6,11.0,10.0,10.5,8.0,9,10.5,1.43,4.5,6.1,no,no,no,si,no,no,no,8.5,P,,
19,2/13/24 19:45,Fleetwood Town VS. Reading,England League 1,1.0744604,1.0753601,4.4224257,4.659398,9.08,6,3.5,4,5,3.5,5,11.0,7.0,9.0,7.0,10,10.5,2.7,3.3,2.4,no,no,si,no,no,no,no,8.5,,under,
20,2/13/24 20:00,Bristol City VS. Southampton,England Championship,0.94612855,1.5946425,4.5021152,4.715095,9.22,6,7,6,9,7,7.5,13.5,14.0,15.0,13.0,11,10.5,4.6,3.75,1.73,no,no,no,no,no,no,no,,,over,
21,2/13/24 20:00,West Bromwich Albion VS. Cardiff City,England Championship,1.9748608,0.5658244,5.10311,4.487537,9.59,6,10,4,5,3.5,3,9.0,13.5,9.0,7.0,11,10.5,1.6,3.9,5.5,no,si,no,no,no,no,no,8.5,,over,
22,2/13/24 20:00,RB Leipzig VS. Real Madrid,UEFA Champions League,1.7676357,1.1059793,6.0985937,2.8822842,8.98,5,7,8,4,6,11,16.0,13.0,12.0,9.0,8,9.5,3.15,3.7,2.16,no,no,no,no,no,no,si,,,over,
0,2/14/24 18:00,Bologna VS. Fiorentina,Italy Serie A,1.5756093,0.82070917,5.864315,4.3375726,10.20,3,8,3,4,8,4,7.0,16.00,7.0,7.0,7,8.5,2.32,3.2,3.2,no,no,no,no,si,no,no,6.5,5,under,
5,2/14/24 19:45,Aberdeen VS. Motherwell,Scotland Premiership,1.3579456,0.9763204,4.778082,4.2373624,9.02,3,0.5,8,5,5,3,6.0,5.50,13.0,3.5,8,9.5,1.88,3.35,3.7,no,no,no,si,no,no,no,7.5,10,over,
1,2/14/24 19:45,Huddersfield Town VS. Sunderland,England Championship,1.3404386,0.55044466,4.2447295,4.464501,8.71,4,2.5,5,6,7,8,12.0,9.50,11.0,8.5,10,10.5,3.45,3.4,2.08,no,no,si,no,no,no,no,8.5,,,
2,2/14/24 19:45,Preston North End VS. Middlesbrough,England Championship,2.0619843,2.5935252,4.6360683,6.1274734,10.76,5,6,6,4,5,7.5,12.5,11.00,10.0,9.0,10,9.5,3.25,3.4,2.16,no,no,no,no,no,si,no,,,,
3,2/14/24 19:45,Stoke City VS. Queens Park Rangers,England Championship,-0.025606658,1.0733653,4.602092,3.549079,8.15,6.5,6.5,8,6,7,3,9.5,13.50,14.0,9.5,10,10.5,2.06,3.25,3.7,no,no,no,no,no,no,no,,,,
4,2/14/24 19:45,Plymouth Argyle VS. Coventry City,England Championship,2.3469446,2.1038964,5.4420156,4.3956556,9.84,5,8,8,7,3,8,13.0,11.00,15.0,8.0,10,10.5,3.4,3.85,1.96,no,no,si,no,no,no,no,8.5,,,
6,2/14/24 19:45,Rangers VS. Ross County,Scotland Premiership,2.741407,0.36619392,8.279583,2.905015,11.18,9,0,5.5,2,4,5.5,14.5,4.00,7.5,2.0,10,11.5,1.07,9,20,no,no,no,si,no,no,no,9.5,23,over,
8,2/14/24 20:00,Lazio VS. Bayern MÃ¼nchen,UEFA Champions League,1.5989102,1.2116358,3.8403766,4.2918396,8.13,4,4,11.5,6,1,9,13.0,5.00,17.5,5.0,7,9.5,5,3.9,1.67,no,no,no,si,no,no,no,7.5,8,under,
7,2/14/24 20:00,Millwall VS. Ipswich Town,England Championship,1.3096522,1.0760617,4.2335386,4.324805,8.56,5.5,4.5,5,3,8,3,8.5,12.5,8.0,7.5,8,9.5,3.5,3.4,2.1,no,no,no,si,no,no,no,7.5,14,under,
9,2/14/24 20:00,PSG VS. Real Sociedad,UEFA Champions League,1.8805219,0.7681613,7.128608,2.9072392,10.04,5,8,4,3,5,4,9.0,13.00,7.0,7.0,9,9.5,1.65,3.8,5.4,no,no,no,no,si,no,no,7.5,16,under,
10,2/15/24 3:00,Atlas VS. Pumas UNAM,Liga MX,1.0709026,1.2901284,5.684379,3.2528327,8.94,7,7,10,3,3,5,12.0,10.00,13.0,10.0,11,9.5,2.45,3.15,2.85,no,no,no,no,no,no,no,,,,
0,2/15/24 3:00,Atlas VS. Pumas UNAM,Liga MX,1.6634682,1.2560849,5.6884646,3.6893063,9.38,7,7,10,3,3,5,12.0,10.0,13.0,10.0,11,9.5,2.6,3.1,2.7,no,no,no,no,no,no,no,,,,
1,2/15/24 17:45,Feyenoord VS. Roma,Europa League,2.007509,1.3114145,8.022064,3.4271712,11.45,8,9,10,3,1,4.5,12.5,10.0,13.0,9.0,6,8.5,2.1,3.4,3.5,no,no,no,no,no,no,no,,,,
2,2/15/24 17:45,Young Boys VS. Sporting CP,Europa League,1.8716571,1.7126266,6.998763,5.269717,12.27,6,6.5,0,7,2,5,11.0,8.5,7.0,2.0,9,9.5,4.1,3.9,1.8,no,no,no,no,si,no,no,7.5,7,under,
3,2/15/24 17:45,Union Saint-Gilloise VS. Eintracht Frankfurt,Conference League,1.4166842,1.4749609,6.743038,5.0649996,11.81,6,6,7,3,3,4.5,10.5,9.0,10.0,9.0,10,9.5,2.1,3.5,3.5,no,no,no,no,no,si,no,,,,
4,2/15/24 17:45,Molde VS. Legia Warszawa,Conference League,2.1990898,0.80816764,5.551055,3.4562879,9.01,5,7,8,4.5,8,6,11.0,15.0,12.5,9.5,9,9.5,2.2,3.4,3.3,no,no,no,no,no,no,no,,,,
7,2/15/24 20:00,Benfica VS. Toulouse,Europa League,1.6819044,0.6487216,6.037283,2.9595957,9.00,6,12.5,0,5,1,3,9.0,13.5,5.0,1.0,8,9.5,1.3,5.0,9.5,no,no,no,si,no,no,no,7.5,8,over,
6,2/15/24 20:00,Lens VS. Freiburg,Europa League,1.4990367,0.99943966,5.3277993,4.7511997,10.08,4,9.5,7,3,3,3.5,7.5,12.5,10.0,7.0,10,8.5,1.8,3.7,4.8,no,no,no,no,no,si,no,,,,
5,2/15/24 20:00,AC Milan VS. Rennes,Europa League,2.1392465,0.7379262,5.482116,3.938365,9.42,4,4,8.5,3.5,4.5,6,10.0,8.5,12.0,7.5,8,8.5,1.6,3.9,5.4,no,no,no,no,si,no,no,6.5,10,over,
8,2/15/24 20:00,Ajax VS. FK Bodo - Glimt,Conference League,2.4840689,1.8237212,6.497148,3.4762824,9.97,7,4,5,5,8,6,13.0,12.0,10.0,9.0,10,9.5,1.5,4.8,5.1,no,no,no,no,no,no,no,,,,
9,2/16/24 1:00,Sporting Cristal VS. Santa Rosa PNP,Liga 1 Peru,2.5605307,1.0991753,5.977832,2.697873,8.68,5,9,0,0,0,5,10.0,9.0,0.0,0.0,6,9.5,1.3,5.3,9.7,no,no,no,si,no,no,no,7.5,8,under,
0,2/16/24 8:45,Western United VS. Newcastle Jets FC,A-League (Australia),1.4578022,1.3370737,5.8247156,3.313553,9.14,5,6,5,3.5,4,6,11.0,10.0,8.5,8.5,11,11.5,2.1,3.8,3.0,no,no,si,no,no,no,no,9.5,,,
1,2/16/24 17:00,Kasimpasa VS. Fatih KaragÃ¼mrÃ¼k,Turkey Super Lig,1.7502371,0.8574684,6.375946,4.673726,11.05,5.5,6,6,4,6,4,9.5,12.0,10.0,9.5,8,8.5,2.2,3.6,2.7,no,no,no,no,no,no,no,,,,
2,2/16/24 17:30,Hertha BSC VS. Magdeburg,Germany Bundesliga 2,1.5881541,1.2010331,4.442697,4.330955,8.77,3.5,4,6,5.5,3,4,7.5,7.0,11.5,6.5,10,10.5,2.1,3.7,2.9,no,no,si,no,no,no,no,8.5,,,
3,2/16/24 17:30,Hannover 96 VS. Greuther FÃ¼rth,Germany Bundesliga 2,1.5181222,0.9671173,5.266607,3.2930572,8.56,5.5,5,3,5,5,6,11.5,10.0,8.0,8.0,9,9.5,2.0,3.5,3.3,no,no,si,no,no,no,no,7.5,,,
4,2/16/24 18:00,Torino VS. Lecce,Italy Serie A,1.2955319,1.0272045,5.548424,3.6704094,9.22,4,8,2,0,3,3,7.0,11.0,2.0,2.0,8,8.5,1.7,3.5,5.4,no,no,no,no,si,no,no,6.5,,over,
5,2/16/24 18:00,LeixÃµes VS. PaÃ§os de Ferreira,Portugal LigaPro,1.1481162,1.1689757,5.626529,4.736288,10.36,11,2,7,6.5,6,7,18.0,8.0,13.5,8.0,9,10.5,3.0,2.9,2.4,no,no,no,si,no,no,no,8.5,,over ,
11,2/16/24 19:00,PSV VS. Heracles,Netherlands Eredivisie,1.9240886,1.4671953,10.917035,3.092851,14.01,10,0,0,4,3.5,5,15.0,3.5,4.0,3.5,10,10.5,1.1,11.5,26.0,no,no,no,no,si,no,no,8.5,,over,
10,2/16/24 19:00,Willem II VS. ADO Den Haag,Netherlands Eerste Divisie,2.205778,1.3734974,6.625192,3.4836946,10.11,6,7,0,6,7,6,12.0,14.0,6.0,6.0,9,9.5,1.8,3.6,3.7,no,no,no,no,si,no,no,7.5,,over,
14,2/16/24 19:00,Telstar VS. NAC Breda,Netherlands Eerste Divisie,1.014923,1.2107463,5.6959357,7.0115,12.71,3,6.5,5.5,5,3,5,8.0,9.5,10.5,6.0,9,9.5,3.3,3.5,2.0,no,no,no,no,si,no,no,7.5,,over,
8,2/16/24 19:00,Cambuur VS. Utrecht II,Netherlands Eerste Divisie,2.0237393,1.1366886,7.9958463,3.854419,11.85,6,8,9,0,4,5,11.0,12.0,9.0,6.0,10,10.5,1.3,5.4,7.0,no,no,no,no,si,no,no,8.5,,over,
7,2/16/24 19:00,Oss VS. Ajax II,Netherlands Eerste Divisie,1.6375861,1.8510158,3.6157322,4.980395,8.60,4,0,4,7,4,5,9.0,4.0,11.0,4.0,8,9.5,3.0,3.5,2.1,no,no,no,si,no,no,no,7.5,,over,
6,2/16/24 19:00,Roda JC VS. Emmen,Netherlands Eerste Divisie,1.6075886,0.81064487,6.1238976,3.9245389,10.05,6,5,10,5.5,3,3,9.0,8.0,15.5,8.0,9,10.5,1.8,3.6,3.7,no,no,no,si,no,no,no,8.5,,over,
12,2/16/24 19:00,Den Bosch VS. AZ II,Netherlands Eerste Divisie,1.5986302,1.7914361,5.096344,4.0652876,9.16,5,5,5,4,5,6,11.0,10.0,9.0,9.0,9,9.5,2.4,3.2,2.8,no,no,no,si,no,no,no,7.5,,under,
13,2/16/24 19:00,Helmond Sport VS. De Graafschap,Netherlands Eerste Divisie,1.4407252,1.5804294,5.9200034,4.535901,10.46,4,7.5,6,4,8,6,10.0,15.5,10.0,8.0,10,9.5,2.6,3.3,2.4,no,no,no,no,no,si,no,,,,
9,2/16/24 19:00,Dordrecht VS. VVV,Netherlands Eerste Divisie,1.6762305,1.3127506,5.757784,4.922499,10.68,4,5,14,5,4,5.5,9.5,9.0,19.0,8.0,9,10.5,2.0,3.9,2.9,no,no,no,no,si,no,no,8.5,,over,
15,2/16/24 19:30,Real Zaragoza VS. FC Cartagena,Spain Segunda,1.4523947,0.96861416,5.078319,3.4121091,8.49,4,6,6,5,3,4,8.0,9.0,11.0,7.0,8,8.5,1.9,3.0,4.4,no,no,no,si,no,no,no,6.5,,over,
16,2/16/24 19:30,Alianza AtlÃ©tico VS. UTC Cajamarca,Liga 1 Peru,1.5054975,0.6296065,4.9317303,3.2093768,8.14,3,6,3,4,5,4,7.0,11.0,7.0,7.0,9,10.5,2.0,3.5,3.7,no,no,si,no,no,no,no,8.5,,,
17,2/16/24 19:30,KÃ¶ln VS. Werder Bremen,Germany Bundesliga 1,1.1684681,1.0177615,5.3844504,4.3715935,9.76,7.5,9,8,1.5,3,4,11.5,12.0,9.5,9.0,10,9.5,2.5,3.4,2.8,no,no,no,no,no,no,no,,,,
18,2/16/24 19:45,KVC Westerlo VS. Standard LiÃ¨ge,Belgium First Division,2.1628582,1.0959356,4.3745785,5.339265,9.71,3,9,5,4.5,3,3,6.0,12.0,9.5,6.0,7,9.5,2.4,3.1,2.9,no,no,no,no,si,no,no,7.5,,over,
19,2/16/24 19:45,Raith Rovers VS. Dundee United,Scotland Championship,0.96341693,1.8248633,6.281848,6.78048,13.06,6,7.5,7.5,3,5.5,0,6.0,13.0,10.5,6.0,9,10.5,3.8,3.5,1.9,no,no,no,no,si,no,no,8.5,,over,
20,2/16/24 20:00,West Bromwich Albion VS. Southampton,England Championship,1.1529373,0.81122947,5.7248664,3.391737,9.12,4,10,4,9,7,7,11.0,17.0,13.0,11.0,11,10.5,3.0,3.4,2.4,no,no,no,no,no,no,no,,,,
23,2/16/24 20:00,Olympique Lyonnais VS. Nice,France League 1,1.3227327,1.0852561,5.0416765,4.802791,9.84,3,5,5,2.5,7,6,9.0,12.0,7.5,5.5,8,8.5,2.7,3.1,2.7,no,no,no,no,si,no,no,6.5,,over,
22,2/16/24 20:00,Inter Milan VS. Salernitana,Italy Serie A,1.6281475,1.1908934,5.5132713,3.3964913,8.91,7,7,8,6,1,3,10.0,8.0,14.0,8.0,10,9.5,1.1,8.5,17.0,no,si,no,no,no,no,no,7.5,,,
21,2/16/24 20:00,Villarreal VS. Getafe CF,Spain Primera Liga,1.2971125,1.2129809,5.2328625,4.972173,10.21,4,9,6,2,4.5,2,6.0,13.5,8.0,6.0,8,8.5,2.1,3.5,3.4,no,no,no,no,si,no,no,6.5,,under,
24,2/16/24 20:15,FamalicÃ£o VS. Rio Ave FC,Portugal Primeira Liga,1.5035305,1.4322879,5.4549494,3.0453668,8.50,7,3,7,0,0,3,10.0,3.0,7.0,3.0,10,9.5,2.1,3.0,3.5,no,si,no,no,no,no,no,7.5,,,
25,2/17/24 1:00,QuerÃ©taro VS. Necaxa,Liga MX,1.4329933,1.2013453,3.995824,6.239345,10.24,5,2.5,7,4.5,3.5,3.5,8.5,6.0,11.5,6.0,10,9.5,2.3,3.3,3.0,no,no,no,no,no,si,no,,,,
26,2/17/24 3:00,MazatlÃ¡n VS. Guadalajara,Liga MX,1.166826,0.870896,5.3395224,5.571339,10.91,3,4,3.5,5,3,4,7.0,7.0,8.5,6.0,8,10.5,3.6,3.4,2.0,no,no,no,no,si,no,no,8.5,,veremos,
27,2/17/24 7:00,Sydney FC VS. Adelaide United,A-League (Australia),1.6590207,1.4977258,6.7141876,2.9326663,9.65,10.5,0,8,8,4,6,16.5,4.0,16.0,4.0,12,11.5,1.6,4.4,4.1,no,si,no,no,no,no,no,9.5,,,


,,,,


,,,,,,,,,,,,,,,,,,,,,,,,,,,,,,,,,,,,,,,,,,,,,,,,,,,,,,,,,,,,,,,,,,,,,,
,,,,,,,,,,,,,,,,,,,,,,,,,,,,,,,,,,,,,,,,,,,,,,,,,,,,,,,,,,,,,,,,,,,,,,
,,,,,,,,,,,,,,,,,,,,,,,,,,,,,,,,,,,,,,,,,,,,,,,,,,,,,,,,,,,,,,,,,,,,,,
,,,,,,,,,,,,,,,,,,,,,,,,,,,,,,,,,,,,,,,,,,,,,,,,,,,,,,,,,,,,,,,,,,,,,,
,,,,,,,,,,,,,,,,,,,,,,,,,,,,,,,,,,,,,,,,,,,,,,,,,,,,,,,,,,,,,,,,,,,,,,
,,,,,,,,,,,,,,,,,,,,,,,,,,,,,,,,,,,,,,,,,,,,,,,,,,,,,,,,,,,,,,,,,,,,,,
,,,,,,,,,,,,,,,,,,,,,,,,,,,,,,,,,,,,,,,,,,,,,,,,,,,,,,,,,,,,,,,,,,,,,,
,,,,,,,,,,,,,,,,,,,,,,,,,,,,,,,,,,,,,,,,,,,,,,,,,,,,,,,,,,,,,,,,,,,,,,
,,,,,,,,,,,,,,,,,,,,,,,,,,,,,,,,,,,,,,,,,,,,,,,,,,,,,,,,,,,,,,,,,,,,,,
,,,,,,,,,,,,,,,,,,,,,,,,,,,,,,,,,,,,,,,,,,,,,,,,,,,,,,,,,,,,,,,,,,,,,,
,,,,,,,,,,,,,,,,,,,,,,,,,,,,,,,,,,,,,,,,,,,,,,,,,,,,,,,,,,,,,,,,,,,,,,
,,,,,,,,,,,,,,,,,,,,,,,,,,,,,,,,,,,,,,,,,,,,,,,,,,,,,,,,,,,,,,,,,,,,,,
,,,,,,,,,,,,,,,,,,,,,,,,,,,,,,,,,,,,,,,,,,,,,,,,,,,,,,,,,,,,,,,,,,,,,,
,,,,,,,,,,,,,,,,,,,,,,,,,,,,,,,,,,,,,,,,,,,,,,,,,,,,,,,,,,,,,,,,,,,,,,
,,,,,,,,,,,,,,,,,,,,,,,,,,,,,,,,,,,,,,,,,,,,,,,,,,,,,,,,,,,,,,,,,,,,,,
,,,,,,,,,,,,,,,,,,,,,,,,,,,,,,,,,,,,,,,,,,,,,,,,,,,,,,,,,,,,,,,,,,,,,,
,,,,,,,,,,,,,,,,,,,,,,,,,,,,,,,,,,,,,,,,,,,,,,,,,,,,,,,,,,,,,,,,,,,,,,
,,,,,,,,,,,,,,,,,,,,,,,,,,,,,,,,,,,,,,,,,,,,,,,,,,,,,,,,,,,,,,,,,,,,,,
,,,,,,,,,,,,,,,,,,,,,,,,,,,,,,,,,,,,,,,,,,,,,,,,,,,,,,,,,,,,,,,,,,,,,,
,,,,,,,,,,,,,,,,,,,,,,,,,,,,,,,,,,,,,,,,,,,,,,,,,,,,,,,,,,,,,,,,,,,,,,
,,,,,,,,,,,,,,,,,,,,,,,,,,,,,,,,,,,,,,,,,,,,,,,,,,,,,,,,,,,,,,,,,,,,,,
,,,,,,,,,,,,,,,,,,,,,,,,,,,,,,,,,,,,,,,,,,,,,,,,,,,,,,,,,,,,,,,,,,,,,,
,,,,,,,,,,,,,,,,,,,,,,,,,,,,,,,,,,,,,,,,,,,,,,,,,,,,,,,,,,,,,,,,,,,,,,
,,,,,,,,,,,,,,,,,,,,,,,,,,,,,,,,,,,,,,,,,,,,,,,,,,,,,,,,,,,,,,,,,,,,,,
,,,,,,,,,,,,,,,,,,,,,,,,,,,,,,,,,,,,,,,,,,,,,,,,,,,,,,,,,,,,,,,,,,,,,,
,,,,,,,,,,,,,,,,,,,,,,,,,,,,,,,,,,,,,,,,,,,,,,,,,,,,,,,,,,,,,,,,,,,,,,
,,,,,,,,,,,,,,,,,,,,,,,,,,,,,,,,,,,,,,,,,,,,,,,,,,,,,,,,,,,,,,,,,,,,,,
,,,,,,,,,,,,,,,,,,,,,,,,,,,,,,,,,,,,,,,,,,,,,,,,,,,,,,,,,,,,,,,,,,,,,,
,,,,,,,,,,,,,,,,,,,,,,,,,,,,,,,,,,,,,,,,,,,,,,,,,,,,,,,,,,,,,,,,,,,,,,
,,,,,,,,,,,,,,,,,,,,,,,,,,,,,,,,,,,,,,,,,,,,,,,,,,,,,,,,,,,,,,,,,,,,,,
,,,,,,,,,,,,,,,,,,,,,,,,,,,,,,,,,,,,,,,,,,,,,,,,,,,,,,,,,,,,,,,,,,,,,,
,,,,,,,,,,,,,,,,,,,,,,,,,,,,,,,,,,,,,,,,,,,,,,,,,,,,,,,,,,,,,,,,,,,,,,
,,,,,,,,,,,,,,,,,,,,,,,,,,,,,,,,,,,,,,,,,,,,,,,,,,,,,,,,,,,,,,,,,,,,,,
,,,,,,,,,,,,,,,,,,,,,,,,,,,,,,,,,,,,,,,,,,,,,,,,,,,,,,,,,,,,,,,,,,,,,,
,,,,,,,,,,,,,,,,,,,,,,,,,,,,,,,,,,,,,,,,,,,,,,,,,,,,,,,,,,,,,,,,,,,,,,
,,,,,,,,,,,,,,,,,,,,,,,,,,,,,,,,,,,,,,,,,,,,,,,,,,,,,,,,,,,,,,,,,,,,,,
,,,,,,,,,,,,,,,,,,,,,,,,,,,,,,,,,,,,,,,,,,,,,,,,,,,,,,,,,,,,,,,,,,,,,,
,,,,,,,,,,,,,,,,,,,,,,,,,,,,,,,,,,,,,,,,,,,,,,,,,,,,,,,,,,,,,,,,,,,,,,
,,,,,,,,,,,,,,,,,,,,,,,,,,,,,,,,,,,,,,,,,,,,,,,,,,,,,,,,,,,,,,,,,,,,,,
,,,,,,,,,,,,,,,,,,,,,,,,,,,,,,,,,,,,,,,,,,,,,,,,,,,,,,,,,,,,,,,,,,,,,,
,,,,,,,,,,,,,,,,,,,,,,,,,,,,,,,,,,,,,,,,,,,,,,,,,,,,,,,,,,,,,,,,,,,,,,
,,,,,,,,,,,,,,,,,,,,,,,,,,,,,,,,,,,,,,,,,,,,,,,,,,,,,,,,,,,,,,,,,,,,,,
,,,,,,,,,,,,,,,,,,,,,,,,,,,,,,,,,,,,,,,,,,,,,,,,,,,,,,,,,,,,,,,,,,,,,,
,,,,,,,,,,,,,,,,,,,,,,,,,,,,,,,,,,,,,,,,,,,,,,,,,,,,,,,,,,,,,,,,,,,,,,
,,,,,,,,,,,,,,,,,,,,,,,,,,,,,,,,,,,,,,,,,,,,,,,,,,,,,,,,,,,,,,,,,,,,,,
,,,,,,,,,,,,,,,,,,,,,,,,,,,,,,,,,,,,,,,,,,,,,,,,,,,,,,,,,,,,,,,,,,,,,,
,,,,,,,,,,,,,,,,,,,,,,,,,,,,,,,,,,,,,,,,,,,,,,,,,,,,,,,,,,,,,,,,,,,,,,
,,,,,,,,,,,,,,,,,,,,,,,,,,,,,,,,,,,,,,,,,,,,,,,,,,,,,,,,,,,,,,,,,,,,,,
,,,,,,,,,,,,,,,,,,,,,,,,,,,,,,,,,,,,,,,,,,,,,,,,,,,,,,,,,,,,,,,,,,,,,,
,,,,,,,,,,,,,,,,,,,,,,,,,,,,,,,,,,,,,,,,,,,,,,,,,,,,,,,,,,,,,,,,,,,,,,
,,,,,,,,,,,,,,,,,,,,,,,,,,,,,,,,,,,,,,,,,,,,,,,,,,,,,,,,,,,,,,,,,,,,,,
,,,,,,,,,,,,,,,,,,,,,,,,,,,,,,,,,,,,,,,,,,,,,,,,,,,,,,,,,,,,,,,,,,,,,,
, ,,,,,,,,,,,,,,,,,,,,,,,,                                                                                                                                                                                                                           ,,,,,,,,,,,,,,,,,,,,,,,,,,,,,,,,,,,,,,,,,,,,,


,,,,
